day_index,daily_admissions,unique_patients,mortality_rate,died_in_hospital_rate,los_hours_mean,los_hours_median,home_discharge_rate,home_health_rate,transfer_from_hosp_rate,ed_stay_minutes_mean,day
0,500,500,0.03,0.03,102.01136666666667,59.416666666666664,0.32,0.174,0.102,591.656,2015-01-01
1,500,499,0.004,0.004,121.4895,69.225,0.382,0.194,0.098,626.574,2015-01-02
2,500,497,0.032,0.032,118.55353333333333,66.76666666666667,0.346,0.21,0.106,616.728,2015-01-03
3,500,497,0.02,0.02,103.95516666666667,62.80833333333334,0.362,0.148,0.082,594.538,2015-01-04
4,500,498,0.03,0.03,109.53746666666666,66.83333333333334,0.364,0.152,0.082,623.662,2015-01-05
5,500,497,0.02,0.02,105.91216666666668,61.358333333333334,0.352,0.15,0.112,662.756,2015-01-06
6,500,499,0.014,0.014,120.94716666666667,69.73333333333333,0.364,0.194,0.102,576.104,2015-01-07
7,500,499,0.036,0.036,119.25333333333333,65.25833333333333,0.322,0.168,0.124,605.826,2015-01-08
8,500,499,0.012,0.012,112.81830000000001,64.625,0.362,0.21,0.068,623.83,2015-01-09
9,500,499,0.024,0.024,114.44963333333334,62.349999999999994,0.388,0.152,0.102,588.476,2015-01-10
10,500,499,0.028,0.028,107.91883333333332,66.75833333333333,0.366,0.186,0.112,610.438,2015-01-11
11,500,499,0.016,0.016,128.7924,72.21666666666667,0.332,0.184,0.096,611.58,2015-01-12
12,500,496,0.028,0.028,117.76543333333333,71.875,0.294,0.202,0.136,602.498,2015-01-13
13,500,499,0.014,0.014,124.22953333333334,72.35833333333333,0.354,0.196,0.126,589.2,2015-01-14
14,500,500,0.02,0.02,124.93476666666666,71.30833333333334,0.356,0.182,0.108,602.018,2015-01-15
15,500,499,0.022,0.022,121.4046,69.775,0.378,0.184,0.104,605.074,2015-01-16
16,500,499,0.016,0.016,111.34183333333333,66.59166666666667,0.376,0.196,0.108,579.836,2015-01-17
17,500,498,0.02,0.02,113.9757,74.10833333333333,0.362,0.188,0.092,574.402,2015-01-18
18,500,499,0.03,0.03,114.66023333333334,65.65833333333333,0.34,0.178,0.112,591.924,2015-01-19
19,500,500,0.024,0.024,112.57310000000001,69.34166666666667,0.37,0.158,0.104,632.846,2015-01-20
20,500,500,0.026,0.026,118.41183333333333,68.725,0.356,0.208,0.092,593.266,2015-01-21
21,500,496,0.018,0.018,117.0555,69.69166666666666,0.354,0.194,0.112,592.638,2015-01-22
22,500,499,0.022,0.022,113.28323333333334,66.0,0.37,0.152,0.094,610.742,2015-01-23
23,500,498,0.016,0.016,118.89803333333334,74.33333333333334,0.374,0.19,0.112,595.702,2015-01-24
24,500,497,0.016,0.016,113.03083333333333,65.975,0.388,0.154,0.072,578.374,2015-01-25
25,500,500,0.022,0.022,111.59006666666667,66.65833333333333,0.336,0.184,0.096,609.014,2015-01-26
26,500,498,0.01,0.01,118.09353333333333,69.48333333333333,0.358,0.186,0.1,597.84,2015-01-27
27,500,497,0.016,0.016,113.96419999999999,69.65833333333333,0.398,0.178,0.108,558.432,2015-01-28
28,500,499,0.01,0.01,112.04186666666666,62.425,0.342,0.2,0.124,589.106,2015-01-29
29,500,500,0.014,0.014,101.9357,65.38333333333333,0.374,0.168,0.104,583.212,2015-01-30
30,500,498,0.02,0.02,108.15146666666666,64.475,0.31,0.166,0.096,598.136,2015-01-31
31,500,496,0.022,0.022,116.23936666666667,68.90833333333333,0.354,0.184,0.11,579.478,2015-02-01
32,500,499,0.022,0.022,106.8206,66.10833333333333,0.356,0.182,0.102,622.574,2015-02-02
33,500,498,0.016,0.016,111.48453333333335,68.76666666666667,0.344,0.188,0.118,569.58,2015-02-03
34,500,499,0.03,0.03,104.5992,63.41666666666667,0.374,0.164,0.09,611.976,2015-02-04
35,500,498,0.028,0.028,116.3754,71.93333333333334,0.354,0.186,0.1,602.012,2015-02-05
36,500,499,0.028,0.028,133.36146666666667,69.65833333333333,0.336,0.208,0.108,659.192,2015-02-06
37,500,499,0.028,0.028,112.00103333333334,67.40833333333333,0.376,0.164,0.088,612.068,2015-02-07
38,500,499,0.026,0.026,122.76383333333332,72.375,0.372,0.184,0.118,553.096,2015-02-08
39,500,499,0.014,0.014,106.62766666666667,71.34166666666667,0.344,0.184,0.082,579.148,2015-02-09
40,500,497,0.032,0.032,111.55876666666666,69.85833333333332,0.348,0.186,0.104,609.926,2015-02-10
41,500,496,0.016,0.016,116.64866666666667,68.82499999999999,0.346,0.196,0.102,592.84,2015-02-11
42,500,498,0.022,0.022,109.70236666666666,63.425,0.362,0.178,0.104,595.032,2015-02-12
43,500,497,0.036,0.036,120.00303333333333,63.650000000000006,0.318,0.18,0.098,630.532,2015-02-13
44,500,498,0.026,0.026,102.5828,58.18333333333334,0.37,0.164,0.1,602.244,2015-02-14
45,500,500,0.02,0.02,99.80466666666668,68.01666666666667,0.364,0.182,0.114,604.68,2015-02-15
46,500,500,0.022,0.022,116.54506666666667,72.14166666666667,0.348,0.198,0.11,585.872,2015-02-16
47,500,500,0.016,0.016,109.92303333333332,67.65833333333333,0.39,0.19,0.078,600.092,2015-02-17
48,500,499,0.016,0.016,106.35563333333333,70.025,0.414,0.176,0.118,573.87,2015-02-18
49,500,499,0.018,0.018,112.43013333333333,68.30833333333334,0.358,0.202,0.094,583.324,2015-02-19
50,500,499,0.026,0.026,115.72493333333334,66.925,0.364,0.164,0.102,579.15,2015-02-20
51,500,499,0.016,0.016,115.1389,68.19999999999999,0.322,0.174,0.092,616.162,2015-02-21
52,500,500,0.016,0.016,115.89626666666666,65.18333333333334,0.364,0.19,0.112,594.596,2015-02-22
53,500,496,0.018,0.018,125.61016666666667,68.18333333333334,0.314,0.182,0.096,618.85,2015-02-23
54,500,500,0.032,0.032,103.97716666666668,66.56666666666666,0.364,0.178,0.11,590.36,2015-02-24
55,500,498,0.02,0.02,110.60616666666667,69.56666666666666,0.356,0.208,0.118,586.68,2015-02-25
56,500,496,0.022,0.022,120.05413333333333,67.31666666666666,0.342,0.2,0.112,592.092,2015-02-26
57,500,499,0.026,0.026,110.90156666666667,66.15833333333333,0.378,0.146,0.088,602.726,2015-02-27
58,500,499,0.02,0.02,107.3108,68.975,0.384,0.166,0.116,596.044,2015-02-28
59,500,498,0.038,0.038,116.68096666666666,70.93333333333334,0.336,0.236,0.104,557.514,2015-03-01
60,500,500,0.036,0.036,119.25866666666667,71.81666666666666,0.36,0.168,0.126,589.684,2015-03-02
61,500,498,0.02,0.02,123.59023333333333,69.66666666666667,0.354,0.162,0.12,601.318,2015-03-03
62,500,498,0.018,0.018,114.60186666666667,73.30833333333334,0.406,0.172,0.112,592.252,2015-03-04
63,500,497,0.032,0.032,121.02573333333333,69.45833333333333,0.328,0.204,0.11,566.352,2015-03-05
64,500,500,0.02,0.02,104.71266666666668,66.36666666666667,0.322,0.176,0.126,592.5,2015-03-06
65,500,499,0.018,0.018,96.32753333333334,64.075,0.344,0.182,0.11,591.946,2015-03-07
66,500,498,0.032,0.032,114.4635,66.80833333333334,0.386,0.18,0.096,578.132,2015-03-08
67,500,500,0.024,0.024,112.67543333333333,63.725,0.372,0.158,0.094,607.076,2015-03-09
68,500,497,0.03,0.03,115.901,68.13333333333333,0.344,0.2,0.114,605.238,2015-03-10
69,500,497,0.02,0.02,105.15060000000001,66.025,0.366,0.184,0.104,623.876,2015-03-11
70,500,497,0.02,0.02,110.49113333333334,59.458333333333336,0.36,0.152,0.094,596.604,2015-03-12
71,500,499,0.02,0.02,126.67853333333333,75.98333333333333,0.336,0.212,0.096,581.966,2015-03-13
72,500,499,0.014,0.014,108.89696666666666,68.55833333333334,0.382,0.162,0.112,561.558,2015-03-14
73,500,499,0.028,0.028,127.60716666666667,66.78333333333333,0.328,0.2,0.114,592.212,2015-03-15
74,500,496,0.04,0.04,116.1614,66.85833333333333,0.348,0.198,0.128,600.976,2015-03-16
75,500,499,0.022,0.022,125.64346666666665,71.35,0.386,0.176,0.108,580.914,2015-03-17
76,500,499,0.018,0.018,123.62183333333333,67.50833333333333,0.376,0.17,0.086,572.362,2015-03-18
77,500,498,0.032,0.032,114.16510000000001,63.016666666666666,0.312,0.184,0.084,618.27,2015-03-19
78,500,499,0.014,0.014,117.26063333333333,65.33333333333334,0.338,0.218,0.07,564.104,2015-03-20
79,500,496,0.026,0.026,116.22026666666666,67.42500000000001,0.374,0.164,0.114,610.864,2015-03-21
80,500,497,0.022,0.022,128.50413333333333,68.55833333333334,0.358,0.174,0.116,566.676,2015-03-22
81,500,499,0.026,0.026,118.34086666666667,64.59166666666667,0.35,0.172,0.118,661.248,2015-03-23
82,500,497,0.024,0.024,100.03706666666666,65.63333333333333,0.334,0.184,0.106,617.98,2015-03-24
83,500,499,0.018,0.018,128.03226666666666,72.05,0.372,0.164,0.11,609.272,2015-03-25
84,500,499,0.028,0.028,109.9508,66.06666666666666,0.318,0.22,0.098,604.248,2015-03-26
85,500,497,0.012,0.012,108.27256666666666,68.6,0.388,0.162,0.106,617.774,2015-03-27
86,500,499,0.026,0.026,113.58663333333332,68.85,0.344,0.196,0.1,596.946,2015-03-28
87,500,499,0.018,0.018,110.40506666666667,65.6,0.338,0.176,0.098,601.372,2015-03-29
88,500,497,0.03,0.03,116.163,67.32499999999999,0.34,0.188,0.108,602.276,2015-03-30
89,500,500,0.02,0.02,108.9282,66.79166666666667,0.376,0.16,0.112,610.18,2015-03-31
90,500,496,0.024,0.024,110.17516666666667,70.24166666666667,0.356,0.178,0.104,579.552,2015-04-01
91,500,500,0.03,0.03,121.39189999999999,65.95833333333334,0.35,0.202,0.104,602.318,2015-04-02
92,500,498,0.016,0.016,110.06353333333334,70.7,0.37,0.21,0.114,585.47,2015-04-03
93,500,500,0.008,0.008,101.43293333333334,64.38333333333333,0.368,0.184,0.094,620.54,2015-04-04
94,500,499,0.024,0.024,121.59336666666667,69.59166666666667,0.358,0.174,0.116,597.836,2015-04-05
95,500,499,0.012,0.012,98.37703333333334,66.18333333333334,0.336,0.2,0.104,562.544,2015-04-06
96,500,499,0.014,0.014,118.72063333333332,69.63333333333333,0.344,0.198,0.118,573.05,2015-04-07
97,500,499,0.03,0.03,104.25873333333334,64.30833333333334,0.328,0.148,0.092,607.346,2015-04-08
98,500,498,0.022,0.022,111.92813333333334,64.68333333333334,0.344,0.164,0.1,604.346,2015-04-09
99,500,500,0.028,0.028,137.59203333333332,72.54166666666667,0.382,0.158,0.112,577.332,2015-04-10
100,500,499,0.018,0.018,117.9193,65.475,0.354,0.2,0.104,570.068,2015-04-11
101,500,497,0.026,0.026,108.39389999999999,67.45833333333334,0.362,0.21,0.08,602.77,2015-04-12
102,500,497,0.022,0.022,110.60716666666667,71.36666666666667,0.374,0.2,0.112,564.718,2015-04-13
103,500,498,0.014,0.014,101.5408,63.458333333333336,0.362,0.186,0.092,610.032,2015-04-14
104,500,499,0.012,0.012,110.33673333333334,61.325,0.372,0.186,0.092,602.838,2015-04-15
105,500,498,0.016,0.016,113.61646666666667,68.46666666666667,0.37,0.186,0.084,585.458,2015-04-16
106,500,495,0.008,0.008,106.34553333333334,62.80833333333334,0.37,0.152,0.082,611.148,2015-04-17
107,500,499,0.03,0.03,115.98203333333333,59.56666666666666,0.344,0.18,0.1,562.59,2015-04-18
108,500,497,0.026,0.026,106.3841,65.625,0.366,0.178,0.094,564.312,2015-04-19
109,500,497,0.024,0.024,116.69573333333334,67.23333333333332,0.356,0.172,0.096,594.648,2015-04-20
110,500,500,0.022,0.022,114.85823333333333,71.11666666666667,0.382,0.152,0.118,574.566,2015-04-21
111,500,499,0.024,0.024,106.29310000000001,67.5,0.334,0.188,0.124,584.798,2015-04-22
112,500,500,0.028,0.028,125.63380000000001,65.05000000000001,0.314,0.21,0.104,596.624,2015-04-23
113,500,499,0.024,0.024,113.62596666666667,67.91666666666666,0.366,0.178,0.126,607.36,2015-04-24
114,500,499,0.028,0.028,109.66193333333334,66.06666666666666,0.352,0.16,0.104,615.772,2015-04-25
115,500,498,0.022,0.022,109.0557,66.25833333333333,0.37,0.168,0.11,575.148,2015-04-26
116,500,498,0.034,0.034,118.93226666666666,71.14166666666667,0.362,0.166,0.106,596.098,2015-04-27
117,500,499,0.022,0.022,105.03559999999999,65.8,0.376,0.176,0.114,614.886,2015-04-28
118,500,498,0.014,0.014,106.64283333333333,65.69166666666666,0.352,0.174,0.092,668.842,2015-04-29
119,500,497,0.02,0.02,131.7398,70.85,0.33,0.182,0.12,611.874,2015-04-30
120,500,499,0.022,0.022,109.54253333333334,67.225,0.376,0.176,0.098,617.508,2015-05-01
121,500,500,0.016,0.016,129.31563333333332,72.40833333333333,0.39,0.186,0.096,558.648,2015-05-02
122,500,499,0.026,0.026,118.02863333333333,60.33333333333333,0.368,0.186,0.096,660.07,2015-05-03
123,500,500,0.034,0.034,123.1893,75.25,0.378,0.19,0.108,624.422,2015-05-04
124,500,499,0.024,0.024,113.0836,64.83333333333334,0.382,0.162,0.112,586.816,2015-05-05
125,500,498,0.022,0.022,107.881,66.61666666666667,0.376,0.176,0.11,623.36,2015-05-06
126,500,497,0.022,0.022,115.85413333333334,69.74166666666667,0.37,0.192,0.088,586.99,2015-05-07
127,500,497,0.024,0.024,119.30330000000001,68.28333333333333,0.396,0.172,0.13,609.422,2015-05-08
128,500,498,0.016,0.016,122.57743333333333,72.85833333333333,0.38,0.19,0.086,555.028,2015-05-09
129,500,499,0.02,0.02,105.0223,67.24166666666667,0.368,0.18,0.116,617.352,2015-05-10
130,500,500,0.026,0.026,119.4881,70.51666666666667,0.324,0.204,0.086,583.93,2015-05-11
131,500,500,0.02,0.02,113.06436666666667,66.675,0.358,0.174,0.09,616.67,2015-05-12
132,500,498,0.02,0.02,123.0303,70.29166666666666,0.308,0.196,0.078,559.048,2015-05-13
133,500,499,0.02,0.02,104.54413333333333,67.04166666666666,0.38,0.168,0.1,640.95,2015-05-14
134,500,498,0.03,0.03,123.46953333333335,70.69166666666666,0.34,0.21,0.132,613.74,2015-05-15
135,500,497,0.024,0.024,112.04289999999999,70.1,0.35,0.178,0.108,601.13,2015-05-16
136,500,498,0.02,0.02,105.60206666666667,66.325,0.398,0.166,0.08,559.502,2015-05-17
137,500,498,0.02,0.02,114.90663333333333,67.25,0.366,0.2,0.1,589.424,2015-05-18
138,500,496,0.016,0.016,114.36993333333334,66.05833333333334,0.392,0.162,0.098,593.786,2015-05-19
139,500,498,0.028,0.028,103.88646666666666,65.86666666666667,0.348,0.19,0.096,627.088,2015-05-20
140,500,500,0.03,0.03,116.91206666666666,71.00833333333333,0.372,0.174,0.11,611.56,2015-05-21
141,500,499,0.022,0.022,120.43143333333333,69.525,0.338,0.18,0.106,620.76,2015-05-22
142,500,498,0.012,0.012,112.4132,62.06666666666666,0.352,0.176,0.084,611.952,2015-05-23
143,500,497,0.018,0.018,117.74613333333333,67.34166666666667,0.344,0.196,0.102,609.532,2015-05-24
144,500,499,0.028,0.028,122.3248,72.90833333333333,0.346,0.184,0.114,601.894,2015-05-25
145,500,499,0.024,0.024,98.14986666666667,62.7,0.35,0.176,0.112,595.482,2015-05-26
146,500,496,0.01,0.01,110.06739999999999,64.31666666666666,0.35,0.194,0.094,603.524,2015-05-27
147,500,499,0.014,0.014,109.3776,69.39166666666667,0.362,0.184,0.122,544.992,2015-05-28
148,500,499,0.014,0.014,103.67193333333333,63.875,0.382,0.214,0.092,586.916,2015-05-29
149,500,496,0.028,0.028,116.25206666666666,66.54166666666666,0.344,0.186,0.1,561.816,2015-05-30
150,500,498,0.024,0.024,103.43693333333333,68.63333333333333,0.37,0.188,0.096,585.746,2015-05-31
151,500,500,0.018,0.018,117.3352,67.01666666666667,0.328,0.176,0.106,593.03,2015-06-01
152,500,500,0.02,0.02,113.99603333333334,69.35,0.322,0.178,0.11,585.14,2015-06-02
153,500,498,0.022,0.022,114.6433,73.56666666666666,0.382,0.186,0.09,608.074,2015-06-03
154,500,500,0.012,0.012,121.6556,73.23333333333333,0.336,0.212,0.09,611.81,2015-06-04
155,500,500,0.02,0.02,109.67863333333334,67.725,0.402,0.156,0.084,627.748,2015-06-05
156,500,500,0.014,0.014,110.73693333333334,69.40833333333333,0.384,0.174,0.1,626.548,2015-06-06
157,500,498,0.04,0.04,117.5751,64.15833333333333,0.352,0.194,0.096,575.148,2015-06-07
158,500,499,0.026,0.026,120.77466666666668,69.49166666666667,0.41,0.15,0.094,555.366,2015-06-08
159,500,500,0.024,0.024,117.23873333333334,65.32499999999999,0.384,0.162,0.108,595.492,2015-06-09
160,500,498,0.012,0.012,127.02913333333333,76.15833333333333,0.346,0.17,0.116,580.904,2015-06-10
161,500,499,0.02,0.02,111.2759,68.54166666666666,0.33,0.186,0.092,601.256,2015-06-11
162,500,499,0.012,0.012,95.48063333333333,65.51666666666667,0.37,0.17,0.098,577.052,2015-06-12
163,500,500,0.024,0.024,115.12566666666667,66.19166666666666,0.354,0.2,0.096,586.792,2015-06-13
164,500,500,0.016,0.016,112.01003333333334,66.45833333333334,0.366,0.172,0.096,587.412,2015-06-14
165,500,498,0.026,0.026,115.1628,72.16666666666667,0.364,0.16,0.102,578.186,2015-06-15
166,500,497,0.026,0.026,115.68610000000001,70.49166666666667,0.326,0.188,0.112,592.9,2015-06-16
167,500,499,0.012,0.012,123.82493333333333,66.78333333333333,0.386,0.2,0.13,586.17,2015-06-17
168,500,498,0.02,0.02,109.98039999999999,66.04166666666666,0.36,0.198,0.108,595.164,2015-06-18
169,500,498,0.018,0.018,105.49623333333334,65.29166666666667,0.312,0.192,0.11,598.23,2015-06-19
170,500,497,0.036,0.036,119.84643333333334,74.64166666666668,0.32,0.172,0.1,582.228,2015-06-20
171,500,499,0.016,0.016,109.31463333333333,68.89166666666667,0.394,0.17,0.096,602.546,2015-06-21
172,500,498,0.028,0.028,106.05156666666666,66.11666666666667,0.338,0.146,0.09,583.87,2015-06-22
173,500,498,0.026,0.026,108.3179,67.375,0.336,0.172,0.104,599.052,2015-06-23
174,500,500,0.022,0.022,120.50266666666667,69.6,0.31,0.196,0.092,597.786,2015-06-24
175,500,500,0.018,0.018,114.75013333333334,64.49166666666667,0.346,0.192,0.104,596.982,2015-06-25
176,500,497,0.026,0.026,129.65923333333333,72.0,0.332,0.186,0.094,582.178,2015-06-26
177,500,497,0.018,0.018,121.55966666666667,72.55,0.37,0.182,0.124,554.254,2015-06-27
178,500,499,0.024,0.024,118.23039999999999,69.04166666666666,0.35,0.184,0.126,605.616,2015-06-28
179,500,499,0.024,0.024,115.8768,68.91666666666666,0.376,0.174,0.122,611.808,2015-06-29
180,500,497,0.03,0.03,112.11636666666666,68.51666666666667,0.348,0.204,0.112,571.77,2015-06-30
181,500,499,0.024,0.024,108.22930000000001,64.35,0.342,0.176,0.09,585.464,2015-07-01
182,500,499,0.022,0.022,114.52839999999999,67.88333333333333,0.392,0.156,0.094,569.142,2015-07-02
183,500,500,0.022,0.022,105.19756666666666,69.4,0.358,0.178,0.104,628.594,2015-07-03
184,500,496,0.022,0.022,108.54766666666667,73.025,0.336,0.194,0.106,582.4,2015-07-04
185,500,499,0.018,0.018,122.20096666666666,72.18333333333334,0.33,0.178,0.096,600.076,2015-07-05
186,500,499,0.022,0.022,120.71463333333332,74.275,0.328,0.184,0.104,613.55,2015-07-06
187,500,500,0.014,0.014,119.34746666666666,66.74166666666667,0.346,0.178,0.102,623.862,2015-07-07
188,500,500,0.024,0.024,115.70366666666668,67.39166666666667,0.35,0.204,0.092,640.31,2015-07-08
189,500,498,0.032,0.032,113.09943333333334,68.70833333333333,0.328,0.19,0.098,633.212,2015-07-09
190,500,498,0.008,0.008,124.88793333333334,76.75,0.358,0.184,0.078,570.88,2015-07-10
191,500,496,0.024,0.024,117.11466666666666,66.94166666666666,0.356,0.172,0.078,568.596,2015-07-11
192,500,498,0.024,0.024,109.1569,68.61666666666667,0.34,0.17,0.114,573.746,2015-07-12
193,500,497,0.022,0.022,110.63706666666667,70.31666666666666,0.376,0.184,0.124,581.17,2015-07-13
194,500,498,0.026,0.026,116.94943333333333,69.175,0.37,0.19,0.126,557.716,2015-07-14
195,500,498,0.03,0.03,109.896,63.016666666666666,0.36,0.192,0.102,589.87,2015-07-15
196,500,500,0.018,0.018,124.62613333333333,69.51666666666667,0.366,0.196,0.114,594.838,2015-07-16
197,500,497,0.022,0.022,109.00233333333333,62.975,0.368,0.178,0.098,597.288,2015-07-17
198,500,500,0.016,0.016,115.52573333333333,65.2,0.352,0.192,0.11,642.06,2015-07-18
199,500,500,0.024,0.024,120.24860000000001,66.475,0.376,0.162,0.108,608.206,2015-07-19
200,500,500,0.02,0.02,124.81139999999999,69.39166666666667,0.344,0.188,0.074,618.598,2015-07-20
201,500,498,0.024,0.024,105.94026666666666,61.975,0.336,0.174,0.1,556.848,2015-07-21
202,500,499,0.018,0.018,115.14036666666667,62.58333333333333,0.356,0.156,0.118,584.608,2015-07-22
203,500,496,0.026,0.026,110.98923333333333,71.45,0.312,0.22,0.116,600.56,2015-07-23
204,500,497,0.022,0.022,112.69586666666667,62.099999999999994,0.32,0.182,0.102,606.878,2015-07-24
205,500,496,0.018,0.018,109.6938,69.80833333333334,0.378,0.166,0.108,629.97,2015-07-25
206,500,498,0.022,0.022,112.25153333333333,65.14166666666667,0.382,0.162,0.104,592.978,2015-07-26
207,500,499,0.036,0.036,111.7866,68.98333333333333,0.308,0.19,0.098,615.462,2015-07-27
208,500,498,0.018,0.018,110.24843333333334,64.325,0.358,0.18,0.11,607.892,2015-07-28
209,500,498,0.03,0.03,119.27256666666666,67.05,0.374,0.178,0.114,582.31,2015-07-29
210,500,498,0.028,0.028,114.3864,74.875,0.334,0.186,0.094,568.886,2015-07-30
211,500,499,0.014,0.014,98.2168,66.4,0.328,0.192,0.108,611.598,2015-07-31
212,500,500,0.01,0.01,113.64033333333333,66.60833333333333,0.33,0.206,0.094,630.942,2015-08-01
213,500,498,0.012,0.012,111.23136666666667,69.59166666666667,0.394,0.19,0.074,580.86,2015-08-02
214,500,499,0.024,0.024,112.03563333333334,67.68333333333334,0.312,0.192,0.112,594.71,2015-08-03
215,500,500,0.014,0.014,109.42756666666666,66.25833333333333,0.336,0.188,0.1,579.478,2015-08-04
216,500,499,0.03,0.03,109.7021,64.06666666666666,0.33,0.158,0.106,640.85,2015-08-05
217,500,499,0.018,0.018,129.1876,67.00833333333333,0.382,0.152,0.098,579.654,2015-08-06
218,500,499,0.012,0.012,113.71839999999999,65.74166666666667,0.37,0.17,0.106,582.136,2015-08-07
219,500,498,0.018,0.018,105.35826666666667,68.98333333333333,0.374,0.182,0.104,608.998,2015-08-08
220,500,499,0.016,0.016,102.8515,60.708333333333336,0.346,0.184,0.078,593.292,2015-08-09
221,500,499,0.026,0.026,119.22646666666665,64.3,0.37,0.17,0.104,594.41,2015-08-10
222,500,497,0.028,0.028,101.43706666666667,64.575,0.326,0.194,0.106,595.364,2015-08-11
223,500,499,0.014,0.014,118.19996666666667,66.475,0.376,0.202,0.11,605.14,2015-08-12
224,500,499,0.014,0.014,119.925,70.225,0.394,0.182,0.11,587.892,2015-08-13
225,500,499,0.026,0.026,122.91646666666668,68.34166666666667,0.372,0.18,0.114,582.724,2015-08-14
226,500,498,0.024,0.024,111.42556666666667,66.125,0.322,0.19,0.116,603.56,2015-08-15
227,500,498,0.014,0.014,115.44593333333333,63.141666666666666,0.372,0.208,0.096,605.516,2015-08-16
228,500,500,0.024,0.024,120.5051,72.81666666666666,0.374,0.18,0.094,553.252,2015-08-17
229,500,497,0.028,0.028,118.10693333333333,62.925,0.356,0.164,0.122,610.008,2015-08-18
230,500,500,0.026,0.026,110.75116666666668,57.425,0.356,0.16,0.106,590.628,2015-08-19
231,500,499,0.002,0.002,107.43539999999999,70.65833333333333,0.362,0.194,0.09,590.792,2015-08-20
232,500,500,0.042,0.042,103.51033333333334,63.608333333333334,0.342,0.176,0.134,608.418,2015-08-21
233,500,500,0.016,0.016,114.3566,68.78333333333333,0.338,0.204,0.102,573.148,2015-08-22
234,500,498,0.018,0.018,119.80526666666667,68.99166666666667,0.344,0.174,0.096,641.872,2015-08-23
235,500,499,0.02,0.02,109.16923333333334,63.56666666666666,0.366,0.166,0.086,600.148,2015-08-24
236,500,499,0.02,0.02,101.68403333333335,62.641666666666666,0.358,0.164,0.112,642.554,2015-08-25
237,500,500,0.024,0.024,115.40773333333334,69.05833333333334,0.354,0.192,0.11,575.77,2015-08-26
238,500,498,0.012,0.012,114.60576666666667,65.75833333333333,0.338,0.184,0.096,588.272,2015-08-27
239,500,498,0.02,0.02,118.11763333333333,69.46666666666667,0.338,0.182,0.096,617.372,2015-08-28
240,500,499,0.024,0.024,109.45836666666666,70.44166666666666,0.364,0.198,0.106,571.0,2015-08-29
241,500,499,0.016,0.016,131.72106666666667,70.04166666666666,0.38,0.162,0.112,570.548,2015-08-30
242,500,497,0.018,0.018,113.39569999999999,70.50833333333333,0.332,0.168,0.12,605.6,2015-08-31
243,500,498,0.022,0.022,103.65396666666668,62.675,0.342,0.148,0.092,605.422,2015-09-01
244,500,499,0.02,0.02,117.25726666666667,68.21666666666667,0.36,0.182,0.124,580.93,2015-09-02
245,500,499,0.016,0.016,122.60253333333334,71.68333333333334,0.344,0.192,0.106,628.346,2015-09-03
246,500,497,0.014,0.014,111.81356666666666,68.26666666666667,0.366,0.164,0.112,656.96,2015-09-04
247,500,499,0.018,0.018,99.74193333333334,58.81666666666666,0.368,0.152,0.09,590.406,2015-09-05
248,500,499,0.01,0.01,106.8963,66.65,0.328,0.218,0.108,603.956,2015-09-06
249,500,498,0.016,0.016,112.2294,67.74166666666667,0.328,0.19,0.092,605.446,2015-09-07
250,500,500,0.032,0.032,117.39093333333334,67.66666666666667,0.282,0.204,0.128,557.63,2015-09-08
251,500,499,0.016,0.016,114.17966666666668,68.3,0.332,0.196,0.08,610.584,2015-09-09
252,500,500,0.036,0.036,112.03126666666667,60.95833333333333,0.354,0.166,0.092,565.674,2015-09-10
253,500,500,0.032,0.032,113.83463333333333,67.13333333333333,0.342,0.19,0.12,616.034,2015-09-11
254,500,499,0.02,0.02,125.99863333333333,71.00833333333333,0.386,0.192,0.118,565.618,2015-09-12
255,500,499,0.022,0.022,108.29636666666667,65.25,0.37,0.208,0.104,607.292,2015-09-13
256,500,500,0.028,0.028,126.74016666666667,68.175,0.33,0.184,0.086,607.148,2015-09-14
257,500,499,0.02,0.02,118.14236666666667,63.78333333333333,0.34,0.178,0.108,627.51,2015-09-15
258,500,499,0.024,0.024,115.52683333333333,69.65,0.37,0.184,0.086,588.36,2015-09-16
259,500,500,0.008,0.008,105.8271,69.125,0.354,0.198,0.086,614.53,2015-09-17
260,500,498,0.016,0.016,118.70823333333334,68.13333333333333,0.344,0.212,0.11,618.49,2015-09-18
261,500,499,0.016,0.016,111.87769999999999,66.50833333333333,0.358,0.18,0.078,604.306,2015-09-19
262,500,499,0.028,0.028,118.866,63.79166666666667,0.34,0.19,0.122,585.202,2015-09-20
263,500,499,0.01,0.01,112.34643333333334,70.85833333333333,0.42,0.182,0.1,562.826,2015-09-21
264,500,498,0.022,0.022,118.88276666666667,64.36666666666667,0.37,0.178,0.1,568.256,2015-09-22
265,500,499,0.028,0.028,120.19973333333334,74.75833333333333,0.356,0.196,0.124,590.472,2015-09-23
266,500,500,0.026,0.026,114.05123333333334,67.175,0.334,0.19,0.11,610.936,2015-09-24
267,500,499,0.03,0.03,114.37389999999999,72.31666666666666,0.316,0.2,0.108,613.906,2015-09-25
268,500,500,0.036,0.036,113.63289999999999,65.80833333333334,0.4,0.146,0.116,582.836,2015-09-26
269,500,498,0.018,0.018,111.87223333333334,68.775,0.358,0.178,0.102,588.114,2015-09-27
270,500,499,0.026,0.026,109.80653333333332,69.5,0.372,0.188,0.098,646.062,2015-09-28
271,500,498,0.028,0.028,111.0736,66.43333333333334,0.328,0.198,0.1,588.5,2015-09-29
272,500,498,0.014,0.014,121.99260000000001,66.45,0.338,0.178,0.09,602.292,2015-09-30
273,500,499,0.03,0.03,126.51813333333334,67.81666666666666,0.336,0.18,0.1,587.612,2015-10-01
274,500,500,0.008,0.008,111.21693333333333,64.4,0.356,0.168,0.116,598.446,2015-10-02
275,500,499,0.026,0.026,114.06876666666666,67.70833333333334,0.402,0.162,0.09,596.852,2015-10-03
276,500,499,0.024,0.024,114.16346666666666,68.975,0.38,0.168,0.12,593.654,2015-10-04
277,500,500,0.022,0.022,113.4374,68.56666666666666,0.378,0.204,0.102,591.166,2015-10-05
278,500,498,0.034,0.034,104.84613333333333,68.17500000000001,0.36,0.208,0.112,600.654,2015-10-06
279,500,498,0.028,0.028,126.65643333333334,68.60833333333333,0.352,0.182,0.118,569.88,2015-10-07
280,500,499,0.012,0.012,105.01053333333334,66.93333333333334,0.38,0.146,0.102,634.706,2015-10-08
281,500,499,0.018,0.018,108.34186666666668,68.07499999999999,0.36,0.196,0.104,597.578,2015-10-09
282,500,498,0.028,0.028,130.0647,76.0,0.33,0.194,0.112,598.272,2015-10-10
283,500,499,0.014,0.014,112.18666666666667,67.65833333333333,0.376,0.156,0.112,626.092,2015-10-11
284,500,500,0.036,0.036,108.834,67.01666666666667,0.342,0.18,0.116,563.188,2015-10-12
285,500,495,0.024,0.024,116.34926666666667,71.24166666666666,0.322,0.184,0.082,651.158,2015-10-13
286,500,498,0.026,0.026,106.14113333333333,66.89166666666667,0.348,0.18,0.108,596.152,2015-10-14
287,500,499,0.02,0.02,107.2329,67.85833333333332,0.406,0.156,0.082,601.57,2015-10-15
288,500,498,0.022,0.022,119.45363333333333,71.575,0.332,0.224,0.11,596.912,2015-10-16
289,500,498,0.016,0.016,111.91963333333334,68.41666666666666,0.346,0.164,0.112,600.688,2015-10-17
290,500,499,0.014,0.014,125.8301,74.19166666666666,0.346,0.204,0.104,604.74,2015-10-18
291,500,500,0.016,0.016,106.41316666666667,67.14166666666667,0.372,0.154,0.11,561.008,2015-10-19
292,500,500,0.022,0.022,125.40036666666667,69.74166666666667,0.346,0.194,0.1,587.362,2015-10-20
293,500,496,0.012,0.012,109.19426666666666,67.68333333333334,0.31,0.188,0.118,706.49,2015-10-21
294,500,500,0.024,0.024,111.36063333333333,68.825,0.362,0.184,0.09,577.288,2015-10-22
295,500,500,0.026,0.026,122.89183333333332,71.275,0.37,0.146,0.12,589.472,2015-10-23
296,500,497,0.022,0.022,108.25989999999999,67.28333333333333,0.396,0.166,0.098,592.2,2015-10-24
297,500,500,0.022,0.022,121.34576666666666,67.43333333333334,0.362,0.172,0.116,603.202,2015-10-25
298,500,498,0.024,0.024,138.88776666666666,79.41666666666667,0.344,0.186,0.118,571.962,2015-10-26
299,500,498,0.024,0.024,102.9439,60.99166666666667,0.356,0.174,0.104,586.962,2015-10-27
300,500,498,0.032,0.032,118.8567,65.85,0.358,0.17,0.116,591.366,2015-10-28
301,500,499,0.028,0.028,114.045,69.175,0.384,0.154,0.132,614.39,2015-10-29
302,500,500,0.02,0.02,103.93473333333334,65.86666666666667,0.366,0.176,0.1,575.078,2015-10-30
303,500,498,0.036,0.036,122.02123333333334,69.54166666666667,0.346,0.178,0.1,564.78,2015-10-31
304,500,499,0.032,0.032,113.1023,71.35,0.358,0.16,0.108,617.264,2015-11-01
305,500,498,0.026,0.026,118.97786666666667,65.5,0.348,0.16,0.112,594.522,2015-11-02
306,500,499,0.022,0.022,126.90833333333333,66.42500000000001,0.374,0.178,0.08,579.552,2015-11-03
307,500,499,0.024,0.024,111.60936666666667,68.20833333333334,0.334,0.184,0.116,600.74,2015-11-04
308,500,499,0.016,0.016,113.991,68.05,0.356,0.194,0.104,592.998,2015-11-05
309,500,499,0.022,0.022,123.13316666666667,75.58333333333333,0.366,0.164,0.098,576.752,2015-11-06
310,500,499,0.02,0.02,115.07963333333333,70.10833333333332,0.328,0.186,0.074,562.012,2015-11-07
311,500,499,0.022,0.022,119.06726666666667,69.56666666666666,0.368,0.186,0.114,560.576,2015-11-08
312,500,499,0.016,0.016,100.03763333333333,63.075,0.352,0.19,0.102,597.922,2015-11-09
313,500,498,0.016,0.016,120.80503333333334,68.46666666666667,0.366,0.17,0.124,577.082,2015-11-10
314,500,499,0.018,0.018,106.45060000000001,64.41666666666666,0.394,0.196,0.112,578.512,2015-11-11
315,500,498,0.016,0.016,112.83623333333334,67.58333333333334,0.324,0.218,0.118,615.316,2015-11-12
316,500,498,0.028,0.028,119.19333333333333,67.23333333333333,0.332,0.224,0.1,594.762,2015-11-13
317,500,498,0.014,0.014,105.95396666666666,65.5,0.342,0.16,0.13,623.098,2015-11-14
318,500,499,0.028,0.028,116.64986666666667,69.23333333333333,0.398,0.15,0.094,631.372,2015-11-15
319,500,495,0.018,0.018,109.20493333333333,66.55833333333334,0.314,0.2,0.1,602.694,2015-11-16
320,500,499,0.02,0.02,103.31506666666667,63.58333333333333,0.342,0.184,0.094,609.772,2015-11-17
321,500,499,0.03,0.03,109.68243333333334,68.13333333333333,0.358,0.18,0.106,572.912,2015-11-18
322,500,499,0.02,0.02,112.72163333333333,66.04166666666667,0.36,0.172,0.11,578.506,2015-11-19
323,500,499,0.016,0.016,131.05706666666666,75.43333333333334,0.35,0.206,0.092,588.928,2015-11-20
324,500,496,0.022,0.022,121.58203333333334,65.525,0.362,0.162,0.104,591.012,2015-11-21
325,500,499,0.022,0.022,120.61153333333334,69.69166666666666,0.366,0.156,0.114,610.662,2015-11-22
326,500,498,0.034,0.034,107.0445,68.83333333333333,0.346,0.216,0.094,573.536,2015-11-23
327,500,499,0.03,0.03,114.84343333333334,70.63333333333333,0.36,0.17,0.106,585.962,2015-11-24
328,500,498,0.026,0.026,115.32723333333334,72.04166666666666,0.332,0.2,0.104,557.474,2015-11-25
329,500,497,0.014,0.014,126.042,70.86666666666667,0.358,0.192,0.116,580.106,2015-11-26
330,500,498,0.022,0.022,127.70463333333333,73.69999999999999,0.364,0.174,0.124,593.276,2015-11-27
331,500,498,0.012,0.012,104.27810000000001,66.99166666666667,0.336,0.2,0.11,573.044,2015-11-28
332,500,498,0.024,0.024,113.15543333333333,69.68333333333334,0.378,0.204,0.138,565.436,2015-11-29
333,500,496,0.008,0.008,110.04186666666666,66.375,0.378,0.196,0.106,602.372,2015-11-30
334,500,496,0.028,0.028,117.67816666666667,69.05833333333334,0.392,0.162,0.086,584.046,2015-12-01
335,500,498,0.028,0.028,105.72433333333333,58.791666666666664,0.378,0.182,0.1,604.724,2015-12-02
336,500,500,0.026,0.026,111.41883333333332,65.35833333333333,0.362,0.186,0.106,572.536,2015-12-03
337,500,499,0.032,0.032,103.1849,63.891666666666666,0.344,0.182,0.094,581.15,2015-12-04
338,500,498,0.024,0.024,122.90733333333333,71.275,0.336,0.184,0.084,593.396,2015-12-05
339,500,499,0.018,0.018,124.45389999999999,67.44166666666666,0.338,0.178,0.1,598.602,2015-12-06
340,500,498,0.038,0.038,123.22466666666668,71.35833333333333,0.354,0.176,0.142,605.432,2015-12-07
341,500,497,0.03,0.03,111.33763333333333,66.84166666666667,0.354,0.174,0.07,638.9,2015-12-08
342,500,497,0.024,0.024,119.1961,65.675,0.35,0.176,0.094,625.158,2015-12-09
343,500,495,0.016,0.016,122.82843333333334,63.825,0.332,0.192,0.114,599.44,2015-12-10
344,500,500,0.026,0.026,107.15093333333333,65.35833333333333,0.366,0.156,0.106,586.204,2015-12-11
345,500,500,0.02,0.02,115.26303333333334,69.01666666666667,0.374,0.154,0.136,568.982,2015-12-12
346,500,498,0.024,0.024,115.36043333333333,63.5,0.382,0.154,0.084,567.71,2015-12-13
347,500,496,0.026,0.026,109.18513333333333,64.05,0.338,0.194,0.102,600.9,2015-12-14
348,500,500,0.018,0.018,110.33486666666667,61.25833333333333,0.422,0.17,0.088,579.424,2015-12-15
349,500,497,0.014,0.014,121.77233333333332,65.91666666666667,0.38,0.174,0.102,577.446,2015-12-16
350,500,499,0.014,0.014,118.5995,64.85833333333333,0.348,0.192,0.088,564.432,2015-12-17
351,500,498,0.02,0.02,111.22106666666667,70.41666666666666,0.346,0.228,0.082,610.738,2015-12-18
352,500,500,0.022,0.022,123.2206,69.74166666666667,0.326,0.208,0.122,583.08,2015-12-19
353,500,496,0.012,0.012,125.65589999999999,70.075,0.376,0.198,0.094,566.924,2015-12-20
354,500,497,0.028,0.028,116.58703333333334,65.33333333333334,0.336,0.164,0.1,618.072,2015-12-21
355,500,500,0.022,0.022,121.73296666666666,68.85833333333333,0.334,0.2,0.116,566.344,2015-12-22
356,500,500,0.026,0.026,109.4682,67.025,0.346,0.182,0.1,577.526,2015-12-23
357,500,499,0.026,0.026,124.0631,69.75833333333333,0.364,0.174,0.104,606.196,2015-12-24
358,500,498,0.02,0.02,113.31363333333333,64.55,0.36,0.164,0.1,600.776,2015-12-25
359,500,499,0.018,0.018,96.21923333333334,64.23333333333333,0.342,0.202,0.088,593.332,2015-12-26
360,500,498,0.02,0.02,111.13860000000001,68.06666666666666,0.386,0.182,0.098,578.56,2015-12-27
361,500,499,0.016,0.016,106.56786666666667,67.075,0.382,0.16,0.108,608.568,2015-12-28
362,500,500,0.03,0.03,115.59356666666666,74.41666666666666,0.37,0.168,0.126,610.936,2015-12-29
363,500,499,0.016,0.016,112.2043,66.175,0.376,0.158,0.104,621.246,2015-12-30
364,500,500,0.018,0.018,125.01546666666665,69.36666666666667,0.324,0.19,0.124,618.204,2015-12-31
365,500,499,0.028,0.028,128.2988,67.675,0.342,0.19,0.112,568.808,2016-01-01
366,500,499,0.016,0.016,105.82903333333333,66.10833333333333,0.364,0.174,0.108,613.046,2016-01-02
367,500,499,0.024,0.024,123.66383333333333,68.375,0.358,0.19,0.1,588.292,2016-01-03
368,500,497,0.032,0.032,108.38260000000001,68.94166666666666,0.35,0.17,0.088,583.332,2016-01-04
369,500,497,0.034,0.034,110.55543333333334,68.28333333333333,0.348,0.21,0.096,620.462,2016-01-05
370,500,495,0.018,0.018,109.31173333333334,66.25833333333333,0.352,0.188,0.116,623.558,2016-01-06
371,500,498,0.024,0.024,144.41466666666665,81.68333333333334,0.328,0.202,0.112,584.546,2016-01-07
372,500,498,0.018,0.018,109.1931,69.25,0.342,0.216,0.116,573.008,2016-01-08
373,500,500,0.022,0.022,115.21393333333333,67.125,0.404,0.18,0.096,620.176,2016-01-09
374,500,499,0.02,0.02,119.1639,69.63333333333333,0.38,0.158,0.1,614.152,2016-01-10
375,500,495,0.024,0.024,133.13786666666667,83.31666666666666,0.368,0.196,0.102,572.76,2016-01-11
376,500,499,0.018,0.018,128.77806666666666,70.925,0.364,0.186,0.1,602.896,2016-01-12
377,500,498,0.022,0.022,114.9443,73.15,0.362,0.174,0.09,597.78,2016-01-13
378,500,499,0.02,0.02,125.83693333333333,70.54166666666666,0.344,0.176,0.094,617.252,2016-01-14
379,500,499,0.012,0.012,126.01603333333333,73.00833333333333,0.364,0.178,0.1,574.294,2016-01-15
380,500,500,0.028,0.028,115.46543333333334,61.150000000000006,0.366,0.172,0.126,625.97,2016-01-16
381,500,497,0.026,0.026,120.5552,67.80000000000001,0.362,0.184,0.118,598.11,2016-01-17
382,500,497,0.014,0.014,110.2105,66.88333333333333,0.4,0.188,0.068,610.394,2016-01-18
383,500,499,0.03,0.03,119.16096666666667,70.56666666666666,0.382,0.18,0.1,585.302,2016-01-19
384,500,498,0.014,0.014,107.58053333333334,65.24166666666667,0.368,0.18,0.096,601.076,2016-01-20
385,500,498,0.018,0.018,117.75546666666666,73.3,0.386,0.188,0.116,590.744,2016-01-21
386,500,500,0.026,0.026,101.61876666666666,66.10833333333333,0.368,0.22,0.082,577.222,2016-01-22
387,500,500,0.022,0.022,104.69296666666666,62.81666666666666,0.388,0.168,0.094,636.602,2016-01-23
388,500,500,0.014,0.014,109.7482,63.86666666666666,0.344,0.192,0.104,619.782,2016-01-24
389,500,500,0.02,0.02,113.41860000000001,65.60833333333333,0.366,0.166,0.098,562.448,2016-01-25
390,500,496,0.014,0.014,132.29376666666667,67.075,0.312,0.186,0.096,625.412,2016-01-26
391,500,498,0.02,0.02,120.37753333333335,64.46666666666667,0.36,0.176,0.128,556.948,2016-01-27
392,500,499,0.022,0.022,96.5321,62.8,0.374,0.148,0.084,595.698,2016-01-28
393,500,500,0.02,0.02,105.8088,64.61666666666667,0.366,0.152,0.094,591.246,2016-01-29
394,500,498,0.024,0.024,126.50043333333333,69.35833333333333,0.348,0.172,0.104,547.662,2016-01-30
395,500,498,0.018,0.018,126.81269999999999,72.68333333333334,0.322,0.202,0.082,606.89,2016-01-31
396,500,499,0.026,0.026,113.81426666666667,63.53333333333333,0.356,0.166,0.116,624.376,2016-02-01
397,500,498,0.022,0.022,117.18163333333334,69.31666666666666,0.36,0.178,0.112,578.544,2016-02-02
398,500,500,0.032,0.032,116.5167,70.85833333333333,0.392,0.186,0.094,598.19,2016-02-03
399,500,498,0.012,0.012,109.35073333333334,65.225,0.398,0.158,0.11,558.824,2016-02-04
400,500,498,0.02,0.02,126.52836666666667,69.63333333333333,0.328,0.186,0.114,606.764,2016-02-05
401,500,498,0.028,0.028,117.17446666666667,70.475,0.41,0.174,0.1,611.734,2016-02-06
402,500,498,0.016,0.016,114.35086666666668,64.08333333333333,0.34,0.192,0.102,591.108,2016-02-07
403,500,499,0.03,0.03,118.65476666666666,67.30000000000001,0.32,0.192,0.106,583.858,2016-02-08
404,500,500,0.02,0.02,117.58583333333333,68.84166666666667,0.344,0.184,0.134,607.48,2016-02-09
405,500,500,0.024,0.024,113.20116666666667,68.4,0.368,0.182,0.116,631.698,2016-02-10
406,500,499,0.028,0.028,122.94413333333333,69.04166666666667,0.364,0.192,0.122,592.1,2016-02-11
407,500,498,0.012,0.012,110.0471,67.18333333333334,0.342,0.188,0.116,605.48,2016-02-12
408,500,498,0.014,0.014,103.41573333333334,58.4,0.332,0.172,0.098,627.544,2016-02-13
409,500,499,0.026,0.026,120.69983333333333,66.94166666666666,0.352,0.168,0.118,596.79,2016-02-14
410,500,499,0.022,0.022,124.6385,71.15,0.346,0.194,0.102,622.524,2016-02-15
411,500,499,0.024,0.024,126.16236666666667,73.48333333333333,0.366,0.176,0.112,555.026,2016-02-16
412,500,499,0.024,0.024,123.32296666666666,69.19166666666666,0.37,0.168,0.124,596.236,2016-02-17
413,500,500,0.018,0.018,108.51223333333334,67.96666666666667,0.348,0.208,0.072,597.728,2016-02-18
414,500,498,0.028,0.028,112.21560000000001,69.01666666666667,0.342,0.204,0.106,597.468,2016-02-19
415,500,496,0.024,0.024,106.96746666666668,68.40833333333333,0.33,0.168,0.088,637.278,2016-02-20
416,500,500,0.024,0.024,113.4055,66.05833333333334,0.356,0.194,0.11,577.136,2016-02-21
417,500,499,0.022,0.022,113.92063333333333,67.09166666666667,0.342,0.174,0.118,571.336,2016-02-22
418,500,497,0.028,0.028,120.4435,73.16666666666666,0.344,0.206,0.122,589.83,2016-02-23
419,500,499,0.022,0.022,117.983,73.40833333333333,0.368,0.176,0.09,587.986,2016-02-24
420,500,497,0.034,0.034,113.7239,72.45833333333334,0.32,0.196,0.102,624.412,2016-02-25
421,500,499,0.018,0.018,96.5583,59.025,0.356,0.156,0.082,589.422,2016-02-26
422,500,497,0.024,0.024,116.97510000000001,68.275,0.358,0.156,0.116,660.794,2016-02-27
423,500,498,0.014,0.014,94.6643,64.50833333333333,0.324,0.202,0.102,606.702,2016-02-28
424,500,496,0.008,0.008,106.0157,69.63333333333333,0.34,0.192,0.098,597.942,2016-02-29
425,500,496,0.028,0.028,119.50066666666667,67.36666666666666,0.324,0.206,0.098,585.086,2016-03-01
426,500,499,0.018,0.018,108.8508,68.85,0.368,0.172,0.102,567.756,2016-03-02
427,500,499,0.028,0.028,115.97096666666665,67.325,0.374,0.192,0.086,578.234,2016-03-03
428,500,495,0.022,0.022,108.63396666666667,62.61666666666667,0.362,0.15,0.11,621.548,2016-03-04
429,500,498,0.014,0.014,108.829,69.0,0.374,0.196,0.108,602.9,2016-03-05
430,500,498,0.022,0.022,120.06753333333334,73.35833333333333,0.344,0.182,0.09,600.084,2016-03-06
431,500,497,0.026,0.026,100.91723333333334,62.974999999999994,0.366,0.182,0.088,592.516,2016-03-07
432,500,498,0.024,0.024,117.46613333333333,64.06666666666666,0.356,0.154,0.088,611.55,2016-03-08
433,500,498,0.028,0.028,105.64803333333334,67.75833333333333,0.36,0.186,0.094,596.168,2016-03-09
434,500,496,0.014,0.014,105.25223333333334,64.91666666666666,0.362,0.158,0.11,606.902,2016-03-10
435,500,498,0.01,0.01,100.355,62.88333333333333,0.314,0.192,0.102,571.554,2016-03-11
436,500,498,0.034,0.034,118.24910000000001,73.70833333333334,0.356,0.198,0.096,581.332,2016-03-12
437,500,499,0.018,0.018,116.37913333333333,70.45,0.398,0.168,0.122,619.68,2016-03-13
438,500,500,0.022,0.022,118.03606666666667,68.04166666666666,0.376,0.184,0.094,618.064,2016-03-14
439,500,499,0.028,0.028,130.32316666666668,73.45,0.348,0.182,0.12,577.394,2016-03-15
440,500,497,0.02,0.02,108.13243333333334,70.9,0.4,0.19,0.124,517.198,2016-03-16
441,500,499,0.018,0.018,114.61786666666667,64.06666666666666,0.336,0.232,0.102,593.266,2016-03-17
442,500,500,0.016,0.016,119.97493333333334,69.71666666666667,0.362,0.196,0.104,610.952,2016-03-18
443,500,497,0.024,0.024,114.49276666666667,68.43333333333334,0.358,0.174,0.102,580.404,2016-03-19
444,500,497,0.022,0.022,118.40553333333334,60.599999999999994,0.352,0.156,0.098,578.196,2016-03-20
445,500,500,0.018,0.018,121.94506666666666,69.025,0.356,0.196,0.1,593.874,2016-03-21
446,500,500,0.016,0.016,120.8107,68.43333333333334,0.362,0.172,0.122,576.094,2016-03-22
447,500,498,0.026,0.026,114.0302,69.34166666666667,0.354,0.2,0.09,586.7,2016-03-23
448,500,496,0.024,0.024,104.7769,64.25,0.358,0.158,0.084,613.798,2016-03-24
449,500,498,0.022,0.022,111.51286666666667,65.40833333333333,0.344,0.178,0.086,604.1,2016-03-25
450,500,495,0.03,0.03,108.88673333333334,69.875,0.368,0.194,0.098,569.896,2016-03-26
451,500,500,0.016,0.016,106.3087,67.125,0.366,0.172,0.096,609.656,2016-03-27
452,500,498,0.022,0.022,102.27626666666666,70.775,0.37,0.174,0.084,552.454,2016-03-28
453,500,499,0.016,0.016,102.6555,63.44166666666666,0.376,0.174,0.098,615.934,2016-03-29
454,500,499,0.018,0.018,113.4292,62.4,0.342,0.19,0.112,564.586,2016-03-30
455,500,498,0.018,0.018,124.89193333333334,73.70833333333334,0.34,0.216,0.11,593.152,2016-03-31
456,500,498,0.026,0.026,104.5253,67.11666666666667,0.376,0.188,0.128,608.102,2016-04-01
457,500,497,0.022,0.022,112.169,65.65833333333333,0.368,0.17,0.126,573.568,2016-04-02
458,500,498,0.02,0.02,108.092,66.175,0.344,0.17,0.1,620.212,2016-04-03
459,500,499,0.018,0.018,104.86846666666666,67.00833333333333,0.346,0.19,0.086,604.42,2016-04-04
460,500,500,0.022,0.022,118.53593333333333,69.54166666666666,0.386,0.172,0.09,592.808,2016-04-05
461,500,496,0.022,0.022,107.37406666666666,59.733333333333334,0.372,0.158,0.094,648.858,2016-04-06
462,500,499,0.022,0.022,121.3449,70.35,0.382,0.168,0.108,553.902,2016-04-07
463,500,498,0.022,0.022,116.546,65.79166666666666,0.352,0.192,0.094,573.774,2016-04-08
464,500,497,0.02,0.02,103.7169,64.04166666666666,0.368,0.164,0.096,598.374,2016-04-09
465,500,498,0.016,0.016,116.70406666666666,66.61666666666667,0.374,0.184,0.09,573.354,2016-04-10
466,500,497,0.038,0.038,125.341,67.9,0.308,0.21,0.096,586.098,2016-04-11
467,500,500,0.014,0.014,111.81963333333333,74.45833333333334,0.336,0.194,0.096,585.05,2016-04-12
468,500,498,0.006,0.006,114.02613333333333,70.26666666666667,0.33,0.206,0.084,575.718,2016-04-13
469,500,498,0.026,0.026,111.4052,67.575,0.35,0.198,0.106,571.772,2016-04-14
470,500,497,0.018,0.018,120.61346666666665,69.86666666666667,0.374,0.184,0.076,596.248,2016-04-15
471,500,498,0.014,0.014,111.48813333333334,69.29166666666667,0.324,0.172,0.092,573.724,2016-04-16
472,500,498,0.02,0.02,120.88693333333333,66.125,0.348,0.204,0.114,599.644,2016-04-17
473,500,498,0.022,0.022,118.47363333333332,66.75,0.342,0.17,0.084,580.796,2016-04-18
474,500,500,0.026,0.026,109.72563333333333,67.29166666666666,0.382,0.148,0.124,579.368,2016-04-19
475,500,499,0.028,0.028,111.48310000000001,66.29166666666666,0.33,0.198,0.11,563.642,2016-04-20
476,500,498,0.022,0.022,107.78223333333334,65.875,0.378,0.19,0.1,602.678,2016-04-21
477,500,499,0.024,0.024,101.6136,66.80833333333334,0.334,0.202,0.1,586.36,2016-04-22
478,500,495,0.024,0.024,113.09476666666666,64.39166666666668,0.346,0.17,0.106,584.54,2016-04-23
479,500,499,0.016,0.016,113.30846666666667,69.78333333333333,0.326,0.214,0.098,624.794,2016-04-24
480,500,498,0.018,0.018,104.8982,66.9,0.322,0.2,0.09,568.568,2016-04-25
481,500,498,0.02,0.02,107.71243333333334,64.19999999999999,0.346,0.184,0.104,597.63,2016-04-26
482,500,497,0.022,0.022,123.39233333333333,68.05,0.358,0.204,0.108,605.902,2016-04-27
483,500,500,0.012,0.012,123.5455,71.46666666666667,0.306,0.21,0.1,560.526,2016-04-28
484,500,496,0.018,0.018,108.53410000000001,67.19166666666666,0.354,0.172,0.076,614.178,2016-04-29
485,500,497,0.018,0.018,117.61810000000001,63.525000000000006,0.352,0.202,0.09,593.258,2016-04-30
486,500,500,0.016,0.016,118.41053333333332,69.65,0.41,0.198,0.09,588.866,2016-05-01
487,500,497,0.022,0.022,123.92326666666666,64.95833333333334,0.336,0.182,0.094,612.748,2016-05-02
488,500,499,0.018,0.018,116.07,71.175,0.374,0.17,0.112,581.836,2016-05-03
489,500,500,0.03,0.03,116.191,68.39166666666668,0.344,0.176,0.092,586.754,2016-05-04
490,500,497,0.022,0.022,114.6961,69.775,0.404,0.17,0.098,560.144,2016-05-05
491,500,497,0.024,0.024,123.55423333333334,69.53333333333333,0.366,0.192,0.116,581.708,2016-05-06
492,500,497,0.026,0.026,120.70026666666666,69.81666666666666,0.36,0.176,0.104,591.544,2016-05-07
493,500,497,0.016,0.016,116.3085,68.61666666666667,0.354,0.194,0.098,605.324,2016-05-08
494,500,498,0.028,0.028,103.85726666666666,65.88333333333333,0.352,0.162,0.116,605.266,2016-05-09
495,500,497,0.034,0.034,112.42743333333334,66.34166666666667,0.318,0.174,0.09,573.206,2016-05-10
496,500,499,0.024,0.024,121.23006666666666,69.90833333333333,0.4,0.174,0.108,585.77,2016-05-11
497,500,499,0.008,0.008,119.3251,71.69166666666666,0.382,0.21,0.106,575.222,2016-05-12
498,500,500,0.018,0.018,115.14869999999999,69.59166666666667,0.39,0.158,0.1,618.882,2016-05-13
499,500,499,0.016,0.016,107.09023333333333,64.48333333333333,0.35,0.172,0.12,593.502,2016-05-14
500,500,498,0.022,0.022,109.68093333333333,66.25,0.326,0.196,0.118,577.478,2016-05-15
501,500,500,0.016,0.016,124.95783333333333,65.46666666666667,0.382,0.182,0.1,617.744,2016-05-16
502,500,499,0.016,0.016,116.453,63.875,0.344,0.176,0.098,584.888,2016-05-17
503,500,498,0.012,0.012,118.35843333333334,73.41666666666667,0.322,0.23,0.122,595.208,2016-05-18
504,500,500,0.028,0.028,106.23976666666667,65.32499999999999,0.356,0.176,0.114,649.84,2016-05-19
505,500,497,0.014,0.014,109.63266666666667,69.05833333333334,0.334,0.184,0.088,572.266,2016-05-20
506,500,498,0.028,0.028,110.35936666666667,73.07499999999999,0.34,0.208,0.12,594.588,2016-05-21
507,500,498,0.032,0.032,107.1279,68.9,0.372,0.178,0.118,584.5,2016-05-22
508,500,498,0.024,0.024,116.29476666666666,68.71666666666667,0.326,0.212,0.1,613.502,2016-05-23
509,500,498,0.022,0.022,112.30943333333333,67.04166666666666,0.362,0.158,0.11,624.336,2016-05-24
510,500,500,0.014,0.014,102.88419999999999,57.28333333333333,0.36,0.178,0.124,592.324,2016-05-25
511,500,500,0.026,0.026,104.92266666666667,59.49166666666667,0.356,0.158,0.094,656.066,2016-05-26
512,500,500,0.016,0.016,114.0375,65.68333333333334,0.374,0.178,0.11,542.304,2016-05-27
513,500,498,0.03,0.03,128.1373,71.025,0.368,0.178,0.098,603.798,2016-05-28
514,500,500,0.034,0.034,127.76553333333334,68.4,0.354,0.172,0.1,598.096,2016-05-29
515,500,499,0.028,0.028,122.24186666666667,70.03333333333333,0.34,0.184,0.09,633.012,2016-05-30
516,500,500,0.024,0.024,128.59533333333331,70.1,0.344,0.192,0.088,561.532,2016-05-31
517,500,497,0.03,0.03,120.72233333333332,67.36666666666667,0.37,0.14,0.142,596.782,2016-06-01
518,500,496,0.024,0.024,119.60476666666666,69.225,0.326,0.21,0.116,611.574,2016-06-02
519,500,498,0.014,0.014,110.51063333333333,66.04166666666666,0.412,0.15,0.118,583.42,2016-06-03
520,500,499,0.014,0.014,102.33536666666667,64.45833333333334,0.36,0.158,0.108,594.972,2016-06-04
521,500,500,0.026,0.026,112.21386666666668,71.225,0.352,0.172,0.108,602.244,2016-06-05
522,500,498,0.018,0.018,119.28186666666667,62.84166666666667,0.368,0.172,0.108,597.678,2016-06-06
523,500,496,0.012,0.012,116.8438,71.39166666666667,0.372,0.184,0.122,578.694,2016-06-07
524,500,500,0.028,0.028,122.4159,66.76666666666667,0.336,0.162,0.076,619.99,2016-06-08
525,500,499,0.03,0.03,117.57839999999999,67.275,0.354,0.166,0.126,567.352,2016-06-09
526,500,500,0.03,0.03,110.47956666666667,65.375,0.36,0.188,0.126,595.948,2016-06-10
527,500,496,0.012,0.012,113.2118,69.24166666666667,0.392,0.168,0.106,603.85,2016-06-11
528,500,500,0.024,0.024,119.00153333333334,72.01666666666667,0.31,0.206,0.09,610.778,2016-06-12
529,500,497,0.012,0.012,110.06503333333335,66.53333333333333,0.356,0.18,0.09,593.416,2016-06-13
530,500,500,0.014,0.014,114.96133333333333,68.64166666666667,0.35,0.23,0.112,580.09,2016-06-14
531,500,498,0.018,0.018,97.94183333333334,64.06666666666666,0.358,0.166,0.098,632.612,2016-06-15
532,500,498,0.018,0.018,123.04876666666667,66.23333333333333,0.342,0.188,0.076,589.966,2016-06-16
533,500,500,0.008,0.008,114.95773333333334,69.15833333333333,0.374,0.166,0.102,640.094,2016-06-17
534,500,500,0.02,0.02,113.97046666666668,64.93333333333334,0.328,0.176,0.096,614.606,2016-06-18
535,500,499,0.018,0.018,115.49726666666666,68.05833333333334,0.372,0.17,0.096,592.478,2016-06-19
536,500,499,0.012,0.012,102.95563333333334,63.78333333333333,0.362,0.16,0.094,572.556,2016-06-20
537,500,499,0.024,0.024,120.18226666666666,69.58333333333334,0.332,0.17,0.102,587.61,2016-06-21
538,500,499,0.016,0.016,110.58166666666668,65.35,0.33,0.156,0.1,621.728,2016-06-22
539,500,499,0.012,0.012,103.04753333333333,65.35,0.35,0.188,0.116,632.196,2016-06-23
540,500,495,0.024,0.024,112.69703333333334,62.975,0.352,0.176,0.118,617.404,2016-06-24
541,500,498,0.028,0.028,110.23706666666666,67.59166666666667,0.316,0.17,0.084,612.634,2016-06-25
542,500,499,0.02,0.02,119.97093333333333,65.20833333333334,0.346,0.18,0.058,608.734,2016-06-26
543,500,498,0.03,0.03,122.2025,69.20833333333333,0.35,0.178,0.118,598.27,2016-06-27
544,500,499,0.02,0.02,115.86973333333334,70.35833333333333,0.318,0.216,0.1,545.646,2016-06-28
545,500,498,0.026,0.026,100.45516666666667,64.05833333333334,0.322,0.184,0.086,615.388,2016-06-29
546,500,500,0.034,0.034,128.92453333333333,73.375,0.356,0.194,0.098,566.37,2016-06-30
547,500,498,0.028,0.028,118.76853333333332,65.49166666666667,0.404,0.182,0.104,589.884,2016-07-01
548,500,499,0.02,0.02,118.799,71.04166666666666,0.352,0.158,0.104,628.178,2016-07-02
549,500,500,0.028,0.028,111.51063333333333,65.59166666666667,0.372,0.176,0.096,597.672,2016-07-03
550,500,498,0.022,0.022,113.362,67.30833333333334,0.374,0.15,0.092,633.962,2016-07-04
551,500,499,0.03,0.03,117.41053333333332,66.88333333333333,0.368,0.174,0.126,612.986,2016-07-05
552,500,500,0.016,0.016,108.29026666666667,66.76666666666667,0.362,0.172,0.118,603.632,2016-07-06
553,500,495,0.026,0.026,122.5693,74.7,0.356,0.164,0.106,592.916,2016-07-07
554,500,497,0.03,0.03,106.44046666666667,67.1,0.324,0.156,0.084,630.95,2016-07-08
555,500,498,0.026,0.026,111.2182,66.875,0.358,0.172,0.108,595.096,2016-07-09
556,500,500,0.03,0.03,106.11483333333332,65.98333333333333,0.36,0.188,0.112,578.684,2016-07-10
557,500,499,0.024,0.024,117.71793333333333,67.56666666666666,0.342,0.204,0.118,568.914,2016-07-11
558,500,498,0.038,0.038,130.18223333333333,68.93333333333334,0.344,0.186,0.118,597.038,2016-07-12
559,500,499,0.014,0.014,115.3717,69.975,0.41,0.172,0.114,585.972,2016-07-13
560,500,499,0.026,0.026,122.72986666666667,70.98333333333333,0.362,0.204,0.09,583.4,2016-07-14
561,500,499,0.016,0.016,112.31143333333334,69.51666666666667,0.348,0.19,0.102,575.586,2016-07-15
562,500,499,0.014,0.014,110.29896666666666,68.34166666666667,0.366,0.194,0.116,567.276,2016-07-16
563,500,498,0.02,0.02,112.8528,67.15833333333333,0.358,0.192,0.122,588.406,2016-07-17
564,500,500,0.02,0.02,112.30113333333333,64.86666666666666,0.392,0.16,0.104,595.704,2016-07-18
565,500,495,0.03,0.03,127.3857,68.41666666666667,0.372,0.154,0.1,612.82,2016-07-19
566,500,499,0.018,0.018,107.22966666666667,64.30000000000001,0.398,0.158,0.092,589.828,2016-07-20
567,500,496,0.026,0.026,122.34266666666667,70.975,0.384,0.2,0.102,599.868,2016-07-21
568,500,496,0.022,0.022,125.36816666666667,68.38333333333334,0.36,0.188,0.108,570.066,2016-07-22
569,500,497,0.016,0.016,119.62956666666666,66.98333333333333,0.38,0.166,0.102,616.394,2016-07-23
570,500,499,0.026,0.026,120.56410000000001,72.4,0.37,0.17,0.114,661.488,2016-07-24
571,500,497,0.026,0.026,117.10886666666667,66.925,0.362,0.188,0.12,609.82,2016-07-25
572,500,497,0.016,0.016,110.76366666666667,61.13333333333333,0.366,0.152,0.088,598.792,2016-07-26
573,500,498,0.028,0.028,123.7145,70.25,0.352,0.188,0.114,574.068,2016-07-27
574,500,499,0.006,0.006,108.69323333333334,65.81666666666666,0.354,0.182,0.104,574.12,2016-07-28
575,500,499,0.018,0.018,111.57936666666667,70.325,0.382,0.18,0.114,603.488,2016-07-29
576,500,497,0.034,0.034,109.26989999999999,67.55,0.318,0.184,0.134,601.926,2016-07-30
577,500,498,0.018,0.018,110.01476666666666,63.20833333333333,0.352,0.162,0.122,616.742,2016-07-31
578,500,497,0.012,0.012,124.84826666666666,68.55,0.348,0.152,0.086,615.998,2016-08-01
579,500,499,0.03,0.03,123.06530000000001,70.36666666666667,0.33,0.198,0.13,592.176,2016-08-02
580,500,499,0.016,0.016,107.2859,65.35,0.348,0.17,0.104,607.244,2016-08-03
581,500,497,0.014,0.014,103.10876666666667,66.03333333333333,0.326,0.21,0.082,639.718,2016-08-04
582,500,498,0.012,0.012,123.85626666666666,71.55,0.346,0.166,0.118,573.018,2016-08-05
583,500,498,0.022,0.022,107.991,65.70833333333334,0.32,0.208,0.116,603.28,2016-08-06
584,500,499,0.03,0.03,104.75460000000001,66.05833333333334,0.328,0.204,0.106,580.792,2016-08-07
585,500,498,0.028,0.028,105.29223333333334,60.575,0.336,0.162,0.098,563.156,2016-08-08
586,500,498,0.018,0.018,110.7048,67.45,0.312,0.216,0.106,608.584,2016-08-09
587,500,498,0.014,0.014,112.93096666666668,66.36666666666667,0.35,0.206,0.112,578.42,2016-08-10
588,500,499,0.024,0.024,109.2893,69.91666666666666,0.348,0.16,0.114,653.708,2016-08-11
589,500,499,0.026,0.026,119.99233333333333,69.71666666666667,0.332,0.158,0.07,620.354,2016-08-12
590,500,498,0.012,0.012,115.0463,62.79166666666667,0.348,0.19,0.108,633.254,2016-08-13
591,500,499,0.028,0.028,124.67960000000001,67.75833333333333,0.288,0.226,0.106,590.472,2016-08-14
592,500,497,0.038,0.038,118.1004,68.925,0.37,0.204,0.092,569.138,2016-08-15
593,500,498,0.016,0.016,108.78443333333334,67.55833333333334,0.336,0.192,0.088,580.454,2016-08-16
594,500,498,0.026,0.026,128.70873333333333,68.875,0.352,0.18,0.096,598.838,2016-08-17
595,500,500,0.03,0.03,126.60453333333334,68.81666666666666,0.328,0.174,0.112,619.618,2016-08-18
596,500,500,0.014,0.014,103.8541,64.86666666666667,0.322,0.188,0.094,629.236,2016-08-19
597,500,499,0.022,0.022,108.38323333333334,66.375,0.362,0.162,0.11,592.716,2016-08-20
598,500,499,0.018,0.018,110.06246666666667,67.58333333333334,0.386,0.162,0.084,588.216,2016-08-21
599,500,498,0.036,0.036,109.60703333333333,64.57499999999999,0.304,0.2,0.098,580.976,2016-08-22
600,500,499,0.03,0.03,118.39093333333334,69.90833333333333,0.378,0.178,0.114,583.37,2016-08-23
601,500,499,0.028,0.028,124.60713333333334,74.40833333333333,0.406,0.168,0.118,558.174,2016-08-24
602,500,499,0.024,0.024,105.7753,65.99166666666667,0.312,0.17,0.084,606.62,2016-08-25
603,500,499,0.03,0.03,108.26806666666667,66.23333333333333,0.354,0.178,0.104,656.476,2016-08-26
604,500,496,0.02,0.02,111.39266666666667,68.19999999999999,0.33,0.196,0.09,595.844,2016-08-27
605,500,499,0.028,0.028,108.37339999999999,66.73333333333333,0.32,0.202,0.106,647.384,2016-08-28
606,500,499,0.022,0.022,118.8669,69.85833333333333,0.338,0.192,0.106,579.798,2016-08-29
607,500,496,0.032,0.032,124.29523333333334,70.55000000000001,0.382,0.198,0.102,561.138,2016-08-30
608,500,499,0.024,0.024,115.79383333333332,67.44166666666666,0.416,0.172,0.11,605.51,2016-08-31
609,500,499,0.028,0.028,109.70703333333333,62.400000000000006,0.326,0.186,0.11,607.054,2016-09-01
610,500,499,0.024,0.024,124.68676666666666,74.725,0.328,0.21,0.114,567.454,2016-09-02
611,500,500,0.014,0.014,113.45766666666667,62.766666666666666,0.364,0.172,0.096,572.386,2016-09-03
612,500,497,0.014,0.014,102.01566666666668,68.13333333333333,0.37,0.158,0.112,570.38,2016-09-04
613,500,499,0.028,0.028,119.4157,76.54166666666666,0.33,0.206,0.106,604.222,2016-09-05
614,500,497,0.028,0.028,115.3053,68.53333333333333,0.39,0.184,0.102,587.484,2016-09-06
615,500,500,0.028,0.028,109.3287,65.71666666666667,0.358,0.174,0.094,601.064,2016-09-07
616,500,498,0.012,0.012,101.98933333333333,57.43333333333334,0.366,0.172,0.076,600.224,2016-09-08
617,500,498,0.022,0.022,126.09396666666667,66.375,0.352,0.202,0.106,566.984,2016-09-09
618,500,500,0.01,0.01,115.42956666666666,70.05833333333334,0.356,0.158,0.118,571.5,2016-09-10
619,500,499,0.028,0.028,115.93546666666667,65.23333333333333,0.36,0.15,0.102,588.276,2016-09-11
620,500,497,0.008,0.008,105.5942,66.89166666666667,0.324,0.204,0.102,617.216,2016-09-12
621,500,497,0.014,0.014,115.37223333333334,66.58333333333333,0.376,0.182,0.09,612.028,2016-09-13
622,500,498,0.014,0.014,106.13383333333333,68.05000000000001,0.368,0.182,0.09,621.23,2016-09-14
623,500,498,0.028,0.028,124.57130000000001,71.03333333333333,0.35,0.158,0.094,612.372,2016-09-15
624,500,499,0.016,0.016,107.4903,66.5,0.322,0.178,0.086,599.504,2016-09-16
625,500,497,0.018,0.018,108.5315,63.04166666666667,0.364,0.156,0.096,598.544,2016-09-17
626,500,499,0.024,0.024,127.98186666666666,68.86666666666666,0.334,0.178,0.096,602.012,2016-09-18
627,500,500,0.024,0.024,108.21426666666666,63.40833333333333,0.314,0.204,0.104,620.65,2016-09-19
628,500,500,0.02,0.02,111.83406666666667,67.65,0.35,0.184,0.118,579.586,2016-09-20
629,500,498,0.022,0.022,114.7176,67.725,0.324,0.188,0.092,598.906,2016-09-21
630,500,499,0.012,0.012,118.93086666666667,70.03333333333333,0.362,0.186,0.118,597.598,2016-09-22
631,500,499,0.032,0.032,120.68596666666666,73.15,0.386,0.164,0.116,593.442,2016-09-23
632,500,499,0.02,0.02,107.19536666666667,67.50833333333333,0.362,0.164,0.12,581.918,2016-09-24
633,500,498,0.012,0.012,100.9517,64.94999999999999,0.346,0.198,0.11,612.364,2016-09-25
634,500,498,0.028,0.028,119.17580000000001,67.85833333333333,0.354,0.182,0.102,615.646,2016-09-26
635,500,500,0.022,0.022,110.46130000000001,65.5,0.374,0.158,0.108,614.6,2016-09-27
636,500,499,0.016,0.016,124.37326666666667,69.20833333333333,0.342,0.204,0.102,573.766,2016-09-28
637,500,496,0.02,0.02,105.77080000000001,68.775,0.372,0.194,0.094,597.468,2016-09-29
638,500,500,0.014,0.014,113.2671,64.56666666666666,0.332,0.18,0.128,587.004,2016-09-30
639,500,500,0.024,0.024,104.74839999999999,65.35,0.354,0.186,0.086,578.944,2016-10-01
640,500,499,0.024,0.024,118.4975,67.65833333333333,0.358,0.202,0.088,569.816,2016-10-02
641,500,498,0.026,0.026,119.53996666666667,68.51666666666667,0.35,0.17,0.092,587.884,2016-10-03
642,500,500,0.014,0.014,134.58593333333332,73.49166666666667,0.304,0.226,0.102,591.438,2016-10-04
643,500,499,0.024,0.024,115.89803333333334,67.50833333333333,0.356,0.17,0.098,633.03,2016-10-05
644,500,498,0.022,0.022,111.20763333333333,68.89166666666667,0.312,0.174,0.074,578.932,2016-10-06
645,500,498,0.014,0.014,102.13306666666666,66.075,0.36,0.196,0.104,635.644,2016-10-07
646,500,497,0.022,0.022,106.46183333333333,63.05833333333334,0.344,0.2,0.114,600.626,2016-10-08
647,500,497,0.022,0.022,117.09986666666667,66.85833333333333,0.358,0.148,0.092,578.116,2016-10-09
648,500,497,0.022,0.022,116.06956666666666,66.80000000000001,0.378,0.198,0.108,596.314,2016-10-10
649,500,499,0.026,0.026,117.6463,68.67500000000001,0.354,0.182,0.096,587.276,2016-10-11
650,500,497,0.02,0.02,125.319,63.025,0.334,0.18,0.102,589.886,2016-10-12
651,500,498,0.01,0.01,107.72810000000001,68.04166666666666,0.348,0.184,0.094,586.782,2016-10-13
652,500,498,0.036,0.036,107.5705,72.36666666666667,0.334,0.192,0.086,586.786,2016-10-14
653,500,498,0.024,0.024,105.90323333333333,64.2,0.372,0.188,0.104,595.192,2016-10-15
654,500,499,0.018,0.018,104.83646666666668,61.625,0.388,0.16,0.094,601.498,2016-10-16
655,500,498,0.01,0.01,109.27680000000001,67.20833333333334,0.33,0.212,0.078,579.956,2016-10-17
656,500,497,0.012,0.012,123.99633333333333,69.58333333333333,0.352,0.16,0.084,600.086,2016-10-18
657,500,498,0.028,0.028,120.16076666666666,68.625,0.354,0.168,0.126,590.71,2016-10-19
658,500,499,0.022,0.022,118.12566666666667,70.33333333333334,0.344,0.206,0.104,571.44,2016-10-20
659,500,498,0.014,0.014,106.82203333333334,64.59166666666667,0.356,0.182,0.11,617.724,2016-10-21
660,500,497,0.024,0.024,116.4862,67.575,0.39,0.168,0.098,563.002,2016-10-22
661,500,500,0.026,0.026,113.5336,67.49166666666667,0.348,0.198,0.114,599.892,2016-10-23
662,500,498,0.026,0.026,112.72586666666668,66.71666666666667,0.372,0.18,0.094,582.466,2016-10-24
663,500,496,0.024,0.024,124.04423333333334,68.65833333333333,0.358,0.2,0.124,594.436,2016-10-25
664,500,499,0.022,0.022,107.35073333333334,65.29166666666667,0.306,0.182,0.122,651.592,2016-10-26
665,500,498,0.036,0.036,129.0935,67.775,0.362,0.182,0.106,560.95,2016-10-27
666,500,499,0.018,0.018,116.0121,72.75,0.334,0.202,0.118,587.492,2016-10-28
667,500,497,0.02,0.02,116.0987,71.80000000000001,0.372,0.196,0.096,587.49,2016-10-29
668,500,498,0.026,0.026,110.27306666666667,65.58333333333333,0.298,0.174,0.08,599.48,2016-10-30
669,500,499,0.02,0.02,107.85636666666667,66.98333333333333,0.376,0.156,0.098,612.104,2016-10-31
670,500,500,0.016,0.016,111.92576666666666,64.05000000000001,0.408,0.162,0.08,619.446,2016-11-01
671,500,499,0.028,0.028,112.1987,70.04166666666667,0.364,0.178,0.096,603.972,2016-11-02
672,500,499,0.02,0.02,109.85246666666666,67.025,0.354,0.166,0.098,601.352,2016-11-03
673,500,499,0.016,0.016,111.59726666666667,71.99166666666667,0.374,0.176,0.104,574.85,2016-11-04
674,500,498,0.026,0.026,115.92443333333334,70.4,0.354,0.188,0.104,586.748,2016-11-05
675,500,497,0.026,0.026,121.37663333333333,71.175,0.374,0.192,0.108,589.08,2016-11-06
676,500,498,0.026,0.026,110.20503333333335,65.78333333333333,0.37,0.176,0.082,581.248,2016-11-07
677,500,495,0.032,0.032,127.17276666666666,68.91666666666666,0.378,0.168,0.126,574.076,2016-11-08
678,500,496,0.018,0.018,106.82586666666667,66.36666666666667,0.358,0.18,0.088,589.608,2016-11-09
679,500,498,0.022,0.022,111.00760000000001,66.88333333333334,0.358,0.164,0.106,619.726,2016-11-10
680,500,500,0.026,0.026,108.26986666666667,64.1,0.372,0.172,0.104,574.58,2016-11-11
681,500,498,0.034,0.034,115.60943333333333,70.025,0.366,0.176,0.09,553.302,2016-11-12
682,500,498,0.024,0.024,124.5468,67.475,0.336,0.158,0.116,615.978,2016-11-13
683,500,497,0.022,0.022,104.12796666666667,66.05833333333334,0.306,0.208,0.12,601.792,2016-11-14
684,500,498,0.028,0.028,122.2807,69.24166666666667,0.322,0.184,0.108,573.416,2016-11-15
685,500,500,0.022,0.022,117.86263333333333,68.70833333333334,0.326,0.2,0.118,638.868,2016-11-16
686,500,499,0.02,0.02,121.54506666666667,77.93333333333334,0.37,0.196,0.112,593.762,2016-11-17
687,500,500,0.034,0.034,112.28356666666667,68.35,0.374,0.178,0.108,562.932,2016-11-18
688,500,500,0.02,0.02,112.05613333333334,67.93333333333334,0.358,0.184,0.086,587.854,2016-11-19
689,500,499,0.012,0.012,118.19186666666667,68.15833333333333,0.366,0.172,0.11,565.736,2016-11-20
690,500,499,0.018,0.018,112.89246666666666,71.65833333333333,0.362,0.18,0.092,609.234,2016-11-21
691,500,499,0.018,0.018,107.9282,67.09166666666667,0.396,0.164,0.094,609.08,2016-11-22
692,500,499,0.018,0.018,120.28293333333333,71.725,0.332,0.194,0.094,569.09,2016-11-23
693,500,500,0.02,0.02,123.7621,72.46666666666667,0.35,0.214,0.114,594.534,2016-11-24
694,500,497,0.032,0.032,119.2807,64.73333333333333,0.386,0.162,0.106,621.96,2016-11-25
695,500,499,0.03,0.03,109.13889999999999,66.0,0.386,0.172,0.098,587.522,2016-11-26
696,500,500,0.026,0.026,126.48533333333333,72.79166666666666,0.33,0.206,0.098,601.586,2016-11-27
697,500,495,0.034,0.034,116.38646666666666,66.66666666666666,0.344,0.194,0.11,618.48,2016-11-28
698,500,500,0.016,0.016,115.059,67.06666666666666,0.348,0.188,0.084,618.172,2016-11-29
699,500,499,0.018,0.018,107.507,67.96666666666667,0.356,0.164,0.076,629.756,2016-11-30
700,500,497,0.024,0.024,145.76153333333332,66.375,0.32,0.172,0.118,616.606,2016-12-01
701,500,499,0.034,0.034,118.34483333333333,67.67500000000001,0.324,0.194,0.096,606.668,2016-12-02
702,500,498,0.024,0.024,101.88586666666667,66.25,0.362,0.162,0.104,598.832,2016-12-03
703,500,500,0.026,0.026,113.64423333333333,66.65833333333333,0.362,0.176,0.124,590.434,2016-12-04
704,500,500,0.024,0.024,110.30226666666667,64.60833333333333,0.364,0.188,0.08,576.726,2016-12-05
705,500,497,0.032,0.032,106.40206666666667,64.41666666666666,0.386,0.162,0.112,613.648,2016-12-06
706,500,499,0.018,0.018,121.0822,70.5,0.384,0.168,0.13,590.868,2016-12-07
707,500,499,0.014,0.014,109.00533333333333,64.36666666666667,0.394,0.15,0.086,576.952,2016-12-08
708,500,499,0.012,0.012,122.0075,66.28333333333333,0.362,0.178,0.094,623.898,2016-12-09
709,500,500,0.026,0.026,101.6168,65.875,0.372,0.194,0.116,570.964,2016-12-10
710,500,499,0.016,0.016,113.48063333333333,62.525,0.372,0.188,0.09,610.05,2016-12-11
711,500,498,0.006,0.006,126.15973333333334,68.13333333333333,0.33,0.188,0.114,660.282,2016-12-12
712,500,497,0.026,0.026,128.64786666666666,79.75,0.396,0.18,0.096,578.21,2016-12-13
713,500,500,0.02,0.02,110.0615,65.81666666666666,0.348,0.21,0.096,630.124,2016-12-14
714,500,498,0.022,0.022,120.0654,68.41666666666666,0.338,0.154,0.106,606.2,2016-12-15
715,500,498,0.014,0.014,115.13913333333333,66.15833333333333,0.362,0.194,0.092,609.888,2016-12-16
716,500,500,0.016,0.016,107.32646666666666,61.95,0.384,0.152,0.102,537.636,2016-12-17
717,500,499,0.036,0.036,114.8309,68.96666666666667,0.348,0.192,0.112,590.556,2016-12-18
718,500,499,0.024,0.024,110.38923333333334,67.81666666666666,0.382,0.164,0.092,570.954,2016-12-19
719,500,500,0.02,0.02,123.65610000000001,70.9,0.366,0.212,0.1,543.156,2016-12-20
720,500,497,0.022,0.022,112.78453333333334,63.875,0.336,0.192,0.114,660.712,2016-12-21
721,500,496,0.024,0.024,125.78,71.17500000000001,0.388,0.2,0.098,594.98,2016-12-22
722,500,499,0.02,0.02,112.18333333333332,68.38333333333333,0.372,0.19,0.102,602.866,2016-12-23
723,500,497,0.014,0.014,101.2645,62.15,0.358,0.148,0.086,610.58,2016-12-24
724,500,500,0.014,0.014,103.57153333333333,58.708333333333336,0.388,0.152,0.076,570.24,2016-12-25
725,500,498,0.018,0.018,116.45103333333334,66.39166666666667,0.368,0.154,0.094,612.052,2016-12-26
726,500,498,0.018,0.018,128.0437,70.34166666666667,0.368,0.158,0.116,576.398,2016-12-27
727,500,497,0.016,0.016,127.54083333333332,68.42500000000001,0.372,0.198,0.088,610.706,2016-12-28
728,500,498,0.014,0.014,113.26336666666667,71.21666666666667,0.324,0.198,0.108,558.514,2016-12-29
729,500,497,0.03,0.03,118.50506666666666,73.68333333333334,0.392,0.184,0.092,551.428,2016-12-30
730,500,498,0.03,0.03,115.93596666666667,66.94166666666666,0.39,0.172,0.118,548.574,2016-12-31
731,500,498,0.014,0.014,105.44996666666665,66.48333333333333,0.34,0.194,0.078,567.016,2017-01-01
732,500,498,0.02,0.02,117.3313,69.96666666666667,0.342,0.2,0.11,601.54,2017-01-02
733,500,497,0.034,0.034,105.668,67.57499999999999,0.338,0.156,0.082,594.486,2017-01-03
734,500,499,0.02,0.02,110.72386666666667,66.49166666666667,0.342,0.152,0.1,591.196,2017-01-04
735,500,498,0.024,0.024,107.22460000000001,64.775,0.376,0.16,0.09,617.97,2017-01-05
736,500,500,0.03,0.03,115.98076666666667,69.15,0.35,0.196,0.108,558.984,2017-01-06
737,500,500,0.014,0.014,106.61473333333333,66.4,0.332,0.21,0.096,592.342,2017-01-07
738,500,498,0.014,0.014,105.15433333333333,67.92500000000001,0.322,0.218,0.082,598.232,2017-01-08
739,500,498,0.02,0.02,109.69893333333333,64.73333333333332,0.338,0.19,0.102,653.132,2017-01-09
740,500,500,0.02,0.02,113.25286666666666,69.86666666666667,0.344,0.202,0.106,562.162,2017-01-10
741,500,498,0.02,0.02,119.04176666666666,67.16666666666666,0.368,0.176,0.082,628.676,2017-01-11
742,500,499,0.02,0.02,115.96546666666666,70.85,0.354,0.184,0.106,581.26,2017-01-12
743,500,498,0.026,0.026,102.85546666666667,64.69999999999999,0.346,0.198,0.11,623.272,2017-01-13
744,500,500,0.018,0.018,110.55523333333333,66.64166666666667,0.33,0.172,0.078,610.286,2017-01-14
745,500,499,0.02,0.02,114.34996666666666,65.00833333333333,0.37,0.178,0.106,607.174,2017-01-15
746,500,499,0.024,0.024,111.14386666666667,63.075,0.384,0.196,0.102,579.042,2017-01-16
747,500,500,0.016,0.016,122.63963333333334,65.675,0.36,0.168,0.13,575.39,2017-01-17
748,500,498,0.024,0.024,122.02839999999999,65.84166666666667,0.324,0.204,0.132,582.984,2017-01-18
749,500,500,0.012,0.012,109.40939999999999,66.46666666666667,0.34,0.178,0.106,612.046,2017-01-19
750,500,498,0.018,0.018,109.25656666666667,67.675,0.312,0.188,0.098,608.646,2017-01-20
751,500,498,0.034,0.034,124.5029,68.93333333333334,0.346,0.194,0.102,566.334,2017-01-21
752,500,499,0.012,0.012,121.38386666666666,59.44166666666666,0.346,0.166,0.096,602.392,2017-01-22
753,500,500,0.026,0.026,111.07643333333334,68.875,0.39,0.154,0.082,558.668,2017-01-23
754,500,499,0.028,0.028,118.47353333333334,68.57499999999999,0.352,0.18,0.084,600.388,2017-01-24
755,500,500,0.026,0.026,109.93483333333333,70.525,0.34,0.152,0.118,586.006,2017-01-25
756,500,498,0.022,0.022,114.21366666666667,67.675,0.36,0.192,0.104,594.892,2017-01-26
757,500,497,0.024,0.024,127.25383333333333,65.94166666666666,0.372,0.164,0.094,613.092,2017-01-27
758,500,499,0.01,0.01,116.24503333333334,70.19999999999999,0.324,0.194,0.116,617.768,2017-01-28
759,500,497,0.018,0.018,100.43893333333334,65.43333333333334,0.348,0.182,0.11,584.41,2017-01-29
760,500,499,0.024,0.024,112.44963333333334,67.6,0.336,0.202,0.094,597.098,2017-01-30
761,500,497,0.024,0.024,121.8793,70.90833333333333,0.316,0.19,0.096,594.268,2017-01-31
762,500,500,0.03,0.03,117.93166666666667,67.76666666666667,0.356,0.148,0.124,601.976,2017-02-01
763,500,499,0.008,0.008,119.27133333333333,70.94166666666666,0.346,0.19,0.102,550.372,2017-02-02
764,500,500,0.032,0.032,123.2007,66.725,0.33,0.184,0.112,631.126,2017-02-03
765,500,498,0.026,0.026,107.20696666666666,66.17500000000001,0.348,0.148,0.116,546.584,2017-02-04
766,500,498,0.026,0.026,117.44189999999999,67.15,0.344,0.188,0.094,595.934,2017-02-05
767,500,499,0.022,0.022,112.67066666666668,66.38333333333333,0.326,0.19,0.114,573.708,2017-02-06
768,500,500,0.03,0.03,114.47106666666667,66.90833333333333,0.314,0.218,0.124,583.9,2017-02-07
769,500,497,0.024,0.024,107.23596666666666,64.74166666666667,0.376,0.162,0.108,622.57,2017-02-08
770,500,496,0.022,0.022,112.78756666666666,65.275,0.374,0.192,0.094,575.134,2017-02-09
771,500,500,0.026,0.026,118.4892,68.275,0.376,0.2,0.112,598.378,2017-02-10
772,500,500,0.016,0.016,127.7337,73.96666666666667,0.334,0.222,0.086,575.426,2017-02-11
773,500,499,0.034,0.034,112.57076666666666,64.425,0.348,0.212,0.126,570.354,2017-02-12
774,500,498,0.03,0.03,112.31456666666666,68.33333333333333,0.328,0.216,0.116,645.242,2017-02-13
775,500,499,0.022,0.022,109.41816666666668,65.69166666666666,0.304,0.198,0.108,581.358,2017-02-14
776,500,495,0.022,0.022,124.44806666666666,67.80833333333334,0.366,0.16,0.092,585.206,2017-02-15
777,500,500,0.034,0.034,103.94096666666665,61.8,0.348,0.166,0.086,653.508,2017-02-16
778,500,500,0.014,0.014,116.43213333333333,70.75,0.324,0.204,0.12,609.856,2017-02-17
779,500,496,0.018,0.018,114.00956666666667,69.75833333333333,0.384,0.198,0.114,612.29,2017-02-18
780,500,497,0.02,0.02,118.6764,67.33333333333334,0.376,0.192,0.118,585.62,2017-02-19
781,500,499,0.016,0.016,115.93773333333334,63.858333333333334,0.362,0.168,0.108,598.802,2017-02-20
782,500,500,0.018,0.018,118.65103333333334,69.925,0.414,0.158,0.096,603.746,2017-02-21
783,500,498,0.02,0.02,104.86773333333333,70.25833333333333,0.38,0.162,0.072,582.358,2017-02-22
784,500,498,0.02,0.02,115.7477,68.725,0.386,0.168,0.088,572.644,2017-02-23
785,500,498,0.03,0.03,122.40903333333334,67.75,0.358,0.18,0.096,554.386,2017-02-24
786,500,500,0.014,0.014,110.3926,67.83333333333334,0.366,0.164,0.094,582.036,2017-02-25
787,500,500,0.028,0.028,110.46163333333332,66.125,0.374,0.18,0.108,610.536,2017-02-26
788,500,497,0.014,0.014,105.00106666666666,58.44166666666666,0.362,0.18,0.092,593.99,2017-02-27
789,500,499,0.03,0.03,124.58166666666668,67.35,0.324,0.178,0.104,616.248,2017-02-28
790,500,499,0.02,0.02,121.50569999999999,67.43333333333334,0.316,0.188,0.11,627.138,2017-03-01
791,500,500,0.032,0.032,124.8635,70.64166666666667,0.334,0.19,0.108,617.35,2017-03-02
792,500,497,0.026,0.026,111.32766666666667,66.10833333333333,0.37,0.2,0.112,603.346,2017-03-03
793,500,498,0.022,0.022,113.96226666666666,66.20833333333334,0.366,0.17,0.106,586.65,2017-03-04
794,500,496,0.024,0.024,111.8959,62.94166666666666,0.36,0.208,0.096,619.742,2017-03-05
795,500,499,0.022,0.022,117.13426666666666,70.51666666666667,0.37,0.2,0.098,581.06,2017-03-06
796,500,499,0.026,0.026,111.4021,64.95,0.362,0.164,0.098,566.742,2017-03-07
797,500,500,0.014,0.014,115.80893333333333,70.44999999999999,0.352,0.198,0.108,569.784,2017-03-08
798,500,498,0.016,0.016,120.38810000000001,71.33333333333334,0.382,0.158,0.104,571.07,2017-03-09
799,500,500,0.02,0.02,134.0616,71.225,0.34,0.176,0.112,583.298,2017-03-10
800,500,499,0.018,0.018,108.19223333333333,62.7,0.328,0.192,0.108,605.604,2017-03-11
801,500,500,0.028,0.028,114.62426666666666,66.5,0.344,0.182,0.138,596.616,2017-03-12
802,500,500,0.022,0.022,122.64683333333333,71.38333333333333,0.352,0.174,0.096,586.966,2017-03-13
803,500,500,0.02,0.02,117.11373333333334,67.83333333333333,0.35,0.19,0.108,598.668,2017-03-14
804,500,500,0.02,0.02,110.3185,67.875,0.386,0.17,0.104,596.456,2017-03-15
805,500,500,0.016,0.016,108.86319999999999,71.1,0.342,0.194,0.082,582.516,2017-03-16
806,500,498,0.016,0.016,115.11613333333334,64.80833333333334,0.34,0.194,0.072,614.072,2017-03-17
807,500,498,0.018,0.018,127.89853333333332,72.93333333333334,0.332,0.154,0.096,657.582,2017-03-18
808,500,500,0.018,0.018,105.5216,62.608333333333334,0.372,0.17,0.09,619.422,2017-03-19
809,500,499,0.02,0.02,111.04913333333333,69.03333333333333,0.34,0.186,0.098,592.886,2017-03-20
810,500,498,0.012,0.012,100.40306666666666,68.01666666666667,0.336,0.182,0.096,622.016,2017-03-21
811,500,499,0.014,0.014,106.22826666666666,63.483333333333334,0.362,0.18,0.102,603.884,2017-03-22
812,500,497,0.018,0.018,111.45230000000001,66.86666666666667,0.35,0.182,0.108,569.586,2017-03-23
813,500,496,0.022,0.022,113.40356666666666,66.20833333333334,0.35,0.18,0.112,638.602,2017-03-24
814,500,500,0.014,0.014,116.53813333333333,65.80833333333334,0.358,0.168,0.09,572.158,2017-03-25
815,500,497,0.02,0.02,115.25803333333334,70.05833333333334,0.332,0.192,0.11,576.08,2017-03-26
816,500,497,0.024,0.024,106.27983333333333,63.041666666666664,0.368,0.176,0.098,641.5,2017-03-27
817,500,499,0.018,0.018,122.6906,71.82499999999999,0.354,0.214,0.108,572.528,2017-03-28
818,500,499,0.016,0.016,114.90826666666666,68.01666666666667,0.392,0.184,0.086,603.214,2017-03-29
819,500,500,0.024,0.024,108.88903333333334,66.50833333333333,0.364,0.18,0.102,605.464,2017-03-30
820,500,499,0.024,0.024,114.29223333333334,66.25833333333333,0.364,0.19,0.096,564.206,2017-03-31
821,500,500,0.024,0.024,122.611,69.01666666666667,0.394,0.178,0.094,613.288,2017-04-01
822,500,499,0.022,0.022,125.14823333333334,67.71666666666667,0.35,0.198,0.102,594.666,2017-04-02
823,500,498,0.028,0.028,118.63343333333333,69.5,0.378,0.182,0.106,622.488,2017-04-03
824,500,499,0.014,0.014,114.06493333333333,64.17500000000001,0.39,0.166,0.07,643.91,2017-04-04
825,500,499,0.02,0.02,105.92963333333333,64.81666666666666,0.364,0.17,0.128,607.478,2017-04-05
826,500,497,0.016,0.016,125.1459,70.725,0.336,0.21,0.12,587.272,2017-04-06
827,500,499,0.016,0.016,114.11536666666667,67.44166666666666,0.378,0.204,0.112,593.718,2017-04-07
828,500,500,0.028,0.028,115.03306666666667,69.20833333333334,0.322,0.19,0.122,611.75,2017-04-08
829,500,497,0.01,0.01,107.41556666666666,66.70833333333334,0.324,0.21,0.106,613.89,2017-04-09
830,500,498,0.02,0.02,110.40246666666665,71.7,0.352,0.21,0.12,613.926,2017-04-10
831,500,496,0.036,0.036,128.57913333333335,72.325,0.36,0.16,0.11,565.936,2017-04-11
832,500,498,0.024,0.024,123.4442,72.50833333333333,0.338,0.208,0.1,552.796,2017-04-12
833,500,498,0.032,0.032,116.749,65.86666666666667,0.342,0.174,0.08,573.142,2017-04-13
834,500,497,0.014,0.014,116.50543333333333,68.21666666666667,0.344,0.17,0.102,581.81,2017-04-14
835,500,498,0.02,0.02,124.16666666666667,72.15833333333333,0.378,0.174,0.114,573.22,2017-04-15
836,500,497,0.022,0.022,114.3427,69.7,0.374,0.166,0.104,564.488,2017-04-16
837,500,499,0.026,0.026,120.6945,67.28333333333333,0.328,0.152,0.094,581.982,2017-04-17
838,500,499,0.022,0.022,119.72043333333333,68.325,0.364,0.166,0.11,574.934,2017-04-18
839,500,499,0.028,0.028,102.19630000000001,67.55833333333334,0.366,0.19,0.096,599.482,2017-04-19
840,500,497,0.02,0.02,104.42376666666667,63.825,0.328,0.156,0.108,651.312,2017-04-20
841,500,499,0.02,0.02,123.27416666666667,71.67500000000001,0.346,0.194,0.106,585.126,2017-04-21
842,500,497,0.018,0.018,110.61556666666667,67.50833333333333,0.336,0.18,0.11,633.542,2017-04-22
843,500,500,0.004,0.004,111.23866666666667,67.16666666666666,0.34,0.176,0.072,579.52,2017-04-23
844,500,499,0.02,0.02,113.6973,67.36666666666667,0.338,0.176,0.102,593.224,2017-04-24
845,500,499,0.022,0.022,106.4136,67.61666666666667,0.39,0.17,0.106,612.53,2017-04-25
846,500,499,0.016,0.016,103.81096666666666,63.68333333333334,0.358,0.176,0.096,623.266,2017-04-26
847,500,496,0.016,0.016,105.17903333333334,65.10833333333333,0.384,0.184,0.086,625.828,2017-04-27
848,500,498,0.02,0.02,106.4757,66.7,0.376,0.19,0.108,582.654,2017-04-28
849,500,500,0.02,0.02,118.59293333333333,69.38333333333333,0.342,0.188,0.086,595.946,2017-04-29
850,500,497,0.042,0.042,119.22833333333332,64.875,0.354,0.188,0.108,587.58,2017-04-30
851,500,499,0.014,0.014,96.51960000000001,62.3,0.352,0.174,0.07,635.89,2017-05-01
852,500,497,0.022,0.022,108.47760000000001,65.675,0.37,0.166,0.12,636.462,2017-05-02
853,500,499,0.02,0.02,109.48413333333333,65.68333333333334,0.338,0.17,0.106,581.816,2017-05-03
854,500,498,0.014,0.014,114.25016666666667,75.0,0.35,0.186,0.088,602.102,2017-05-04
855,500,500,0.016,0.016,112.28806666666667,68.69166666666666,0.35,0.194,0.12,611.096,2017-05-05
856,500,499,0.026,0.026,111.44030000000001,64.89166666666668,0.358,0.158,0.128,626.514,2017-05-06
857,500,499,0.024,0.024,112.58196666666666,65.33333333333334,0.364,0.142,0.1,595.68,2017-05-07
858,500,498,0.01,0.01,116.7973,75.36666666666667,0.38,0.194,0.12,601.546,2017-05-08
859,500,497,0.014,0.014,105.28760000000001,63.95833333333333,0.352,0.166,0.084,618.334,2017-05-09
860,500,499,0.022,0.022,108.91539999999999,67.20833333333333,0.33,0.188,0.104,627.594,2017-05-10
861,500,499,0.016,0.016,98.38463333333333,55.88333333333333,0.35,0.176,0.094,629.244,2017-05-11
862,500,498,0.022,0.022,112.60426666666666,73.39166666666667,0.374,0.212,0.108,591.744,2017-05-12
863,500,498,0.04,0.04,122.1652,67.55833333333334,0.37,0.168,0.06,585.278,2017-05-13
864,500,498,0.024,0.024,117.7764,65.50833333333333,0.352,0.17,0.1,597.418,2017-05-14
865,500,500,0.02,0.02,118.3287,68.35833333333333,0.372,0.188,0.124,584.954,2017-05-15
866,500,499,0.01,0.01,104.4293,68.58333333333333,0.374,0.196,0.102,597.458,2017-05-16
867,500,500,0.02,0.02,119.96806666666667,68.24166666666667,0.37,0.21,0.112,605.646,2017-05-17
868,500,500,0.026,0.026,119.42266666666667,68.64166666666667,0.37,0.2,0.074,544.326,2017-05-18
869,500,498,0.028,0.028,122.98996666666666,74.71666666666667,0.356,0.168,0.124,577.396,2017-05-19
870,500,497,0.014,0.014,115.03123333333333,69.91666666666667,0.364,0.18,0.086,633.396,2017-05-20
871,500,496,0.02,0.02,120.7005,71.21666666666667,0.346,0.194,0.11,573.116,2017-05-21
872,500,498,0.018,0.018,107.8874,65.48333333333333,0.366,0.188,0.066,584.162,2017-05-22
873,500,500,0.02,0.02,116.69093333333333,67.38333333333333,0.332,0.208,0.104,581.07,2017-05-23
874,500,497,0.026,0.026,105.30656666666667,63.108333333333334,0.392,0.162,0.13,592.73,2017-05-24
875,500,499,0.026,0.026,112.73346666666666,64.425,0.38,0.156,0.09,587.826,2017-05-25
876,500,497,0.028,0.028,107.79226666666666,66.61666666666667,0.37,0.162,0.084,580.54,2017-05-26
877,500,500,0.016,0.016,119.6665,62.025,0.366,0.17,0.114,617.198,2017-05-27
878,500,499,0.012,0.012,106.79413333333333,68.44166666666666,0.372,0.218,0.084,599.11,2017-05-28
879,500,499,0.024,0.024,110.2974,63.1,0.388,0.15,0.114,572.398,2017-05-29
880,500,500,0.026,0.026,114.3661,69.21666666666667,0.372,0.186,0.114,589.928,2017-05-30
881,500,499,0.028,0.028,108.10966666666667,61.44166666666666,0.368,0.18,0.116,554.894,2017-05-31
882,500,498,0.014,0.014,105.95816666666667,62.15833333333333,0.314,0.188,0.102,614.634,2017-06-01
883,500,499,0.024,0.024,110.35936666666667,67.36666666666667,0.394,0.164,0.114,586.064,2017-06-02
884,500,498,0.032,0.032,120.09753333333335,71.25833333333333,0.318,0.202,0.098,603.408,2017-06-03
885,500,497,0.018,0.018,107.93243333333334,67.48333333333333,0.346,0.194,0.1,555.448,2017-06-04
886,500,499,0.018,0.018,115.83626666666666,68.6,0.356,0.202,0.092,606.33,2017-06-05
887,500,499,0.02,0.02,122.18423333333334,70.61666666666667,0.372,0.174,0.102,619.058,2017-06-06
888,500,497,0.022,0.022,109.03193333333333,65.84166666666667,0.362,0.198,0.1,617.876,2017-06-07
889,500,500,0.028,0.028,97.401,62.59166666666667,0.356,0.174,0.078,624.322,2017-06-08
890,500,497,0.018,0.018,130.62546666666665,68.92500000000001,0.358,0.198,0.102,595.196,2017-06-09
891,500,500,0.024,0.024,114.9756,67.125,0.362,0.182,0.11,574.404,2017-06-10
892,500,498,0.03,0.03,120.72726666666667,72.10833333333333,0.376,0.164,0.116,599.948,2017-06-11
893,500,497,0.028,0.028,107.8091,67.16666666666666,0.356,0.212,0.106,600.894,2017-06-12
894,500,498,0.014,0.014,106.55336666666666,68.15,0.374,0.176,0.118,600.802,2017-06-13
895,500,500,0.03,0.03,123.25280000000001,66.60833333333333,0.336,0.156,0.132,599.098,2017-06-14
896,500,497,0.018,0.018,106.23853333333334,65.80833333333334,0.328,0.212,0.092,585.286,2017-06-15
897,500,499,0.012,0.012,105.54056666666666,64.65,0.382,0.18,0.106,611.278,2017-06-16
898,500,498,0.042,0.042,110.4934,68.6,0.348,0.158,0.106,589.168,2017-06-17
899,500,499,0.02,0.02,106.22533333333332,63.666666666666664,0.392,0.172,0.112,596.65,2017-06-18
900,500,498,0.016,0.016,115.92673333333333,65.91666666666666,0.346,0.19,0.108,581.072,2017-06-19
901,500,499,0.02,0.02,114.47296666666666,62.233333333333334,0.378,0.178,0.098,576.186,2017-06-20
902,500,498,0.022,0.022,99.67269999999999,62.475,0.35,0.182,0.116,591.53,2017-06-21
903,500,496,0.022,0.022,114.7348,68.18333333333334,0.372,0.182,0.078,571.334,2017-06-22
904,500,497,0.012,0.012,115.42683333333333,70.69166666666666,0.33,0.186,0.096,597.206,2017-06-23
905,500,498,0.012,0.012,109.47283333333333,70.71666666666667,0.404,0.166,0.108,601.784,2017-06-24
906,500,499,0.014,0.014,107.90766666666667,60.8,0.346,0.182,0.074,618.716,2017-06-25
907,500,500,0.022,0.022,110.50113333333333,68.08333333333334,0.362,0.196,0.104,615.592,2017-06-26
908,500,498,0.026,0.026,110.16193333333334,63.9,0.336,0.178,0.08,633.832,2017-06-27
909,500,499,0.018,0.018,122.37036666666667,68.44166666666666,0.368,0.194,0.096,581.036,2017-06-28
910,500,497,0.018,0.018,121.77886666666667,69.45833333333334,0.336,0.19,0.112,624.154,2017-06-29
911,500,499,0.008,0.008,110.79036666666667,62.291666666666664,0.374,0.184,0.092,603.75,2017-06-30
912,500,499,0.016,0.016,111.01163333333334,63.991666666666674,0.334,0.198,0.098,622.296,2017-07-01
913,500,498,0.018,0.018,113.76273333333334,67.50833333333333,0.382,0.184,0.11,571.142,2017-07-02
914,500,500,0.024,0.024,112.77113333333332,71.58333333333333,0.378,0.182,0.094,587.16,2017-07-03
915,500,498,0.02,0.02,109.69136666666667,67.98333333333333,0.374,0.178,0.102,528.342,2017-07-04
916,500,497,0.028,0.028,106.32306666666666,65.8,0.37,0.176,0.1,611.184,2017-07-05
917,500,496,0.02,0.02,119.52326666666666,70.09166666666667,0.334,0.19,0.096,572.344,2017-07-06
918,500,497,0.022,0.022,123.5767,68.28333333333333,0.334,0.196,0.112,601.67,2017-07-07
919,500,496,0.012,0.012,114.28233333333333,68.15,0.328,0.158,0.12,615.404,2017-07-08
920,500,498,0.016,0.016,108.99146666666665,69.29166666666667,0.338,0.204,0.104,612.26,2017-07-09
921,500,500,0.02,0.02,126.29036666666667,69.025,0.308,0.198,0.104,606.102,2017-07-10
922,500,499,0.032,0.032,119.73786666666666,75.14166666666667,0.336,0.202,0.106,603.792,2017-07-11
923,500,498,0.034,0.034,110.5927,67.91666666666666,0.344,0.166,0.098,591.694,2017-07-12
924,500,499,0.026,0.026,112.19266666666667,72.09166666666667,0.366,0.164,0.1,577.646,2017-07-13
925,500,498,0.026,0.026,128.37503333333333,68.84166666666667,0.336,0.196,0.108,574.108,2017-07-14
926,500,499,0.034,0.034,114.5025,67.70833333333333,0.342,0.182,0.112,589.182,2017-07-15
927,500,500,0.016,0.016,112.92060000000001,67.80833333333334,0.366,0.178,0.106,600.624,2017-07-16
928,500,500,0.018,0.018,108.06916666666667,69.53333333333333,0.35,0.174,0.106,572.058,2017-07-17
929,500,499,0.018,0.018,107.66586666666667,69.20833333333334,0.382,0.178,0.116,583.72,2017-07-18
930,500,499,0.026,0.026,112.804,64.28333333333333,0.352,0.168,0.094,582.004,2017-07-19
931,500,499,0.03,0.03,112.70763333333333,67.95833333333333,0.338,0.15,0.122,643.658,2017-07-20
932,500,496,0.026,0.026,112.82663333333333,69.15833333333333,0.364,0.226,0.106,591.064,2017-07-21
933,500,497,0.02,0.02,114.46373333333334,69.16666666666666,0.344,0.222,0.092,590.344,2017-07-22
934,500,499,0.024,0.024,125.03303333333332,68.75833333333333,0.366,0.212,0.104,586.086,2017-07-23
935,500,499,0.036,0.036,118.85730000000001,67.36666666666667,0.296,0.194,0.078,617.05,2017-07-24
936,500,499,0.026,0.026,107.12316666666668,71.65,0.356,0.19,0.092,600.168,2017-07-25
937,500,500,0.016,0.016,113.71523333333333,70.825,0.368,0.192,0.094,612.064,2017-07-26
938,500,499,0.028,0.028,120.63676666666666,71.81666666666666,0.386,0.168,0.09,551.278,2017-07-27
939,500,498,0.036,0.036,118.43813333333333,67.775,0.344,0.188,0.112,599.57,2017-07-28
940,500,497,0.03,0.03,111.15626666666667,68.6,0.368,0.174,0.112,597.766,2017-07-29
941,500,500,0.024,0.024,112.73416666666667,69.45,0.372,0.174,0.11,596.142,2017-07-30
942,500,498,0.008,0.008,107.85943333333333,69.025,0.386,0.174,0.11,605.452,2017-07-31
943,500,499,0.026,0.026,115.75593333333333,69.89166666666667,0.354,0.174,0.1,644.674,2017-08-01
944,500,499,0.02,0.02,124.34383333333332,72.81666666666666,0.38,0.162,0.116,591.15,2017-08-02
945,500,499,0.024,0.024,102.77286666666667,67.38333333333333,0.348,0.178,0.08,581.99,2017-08-03
946,500,496,0.026,0.026,130.01893333333334,69.99166666666667,0.358,0.196,0.082,618.54,2017-08-04
947,500,499,0.02,0.02,111.71936666666667,63.416666666666664,0.354,0.174,0.136,610.788,2017-08-05
948,500,500,0.016,0.016,104.56219999999999,67.85,0.372,0.17,0.094,590.43,2017-08-06
949,500,498,0.014,0.014,104.89313333333334,67.6,0.322,0.2,0.096,581.552,2017-08-07
950,500,498,0.016,0.016,118.17960000000001,66.54166666666666,0.382,0.182,0.088,591.368,2017-08-08
951,500,500,0.02,0.02,107.8163,68.025,0.342,0.176,0.082,589.446,2017-08-09
952,500,498,0.032,0.032,118.84583333333333,69.05833333333334,0.362,0.194,0.106,579.248,2017-08-10
953,500,496,0.012,0.012,114.66463333333333,66.78333333333333,0.35,0.162,0.094,598.482,2017-08-11
954,500,500,0.018,0.018,111.99556666666666,66.65833333333333,0.326,0.182,0.1,630.808,2017-08-12
955,500,497,0.014,0.014,126.2016,69.975,0.374,0.192,0.122,600.296,2017-08-13
956,500,499,0.018,0.018,106.5787,64.975,0.354,0.162,0.098,605.482,2017-08-14
957,500,499,0.026,0.026,108.6383,67.89166666666667,0.372,0.158,0.116,600.416,2017-08-15
958,500,499,0.02,0.02,115.1719,72.475,0.33,0.214,0.096,610.324,2017-08-16
959,500,500,0.026,0.026,115.54263333333333,71.90833333333333,0.366,0.158,0.104,587.288,2017-08-17
960,500,500,0.026,0.026,115.4796,68.86666666666667,0.346,0.186,0.096,604.572,2017-08-18
961,500,499,0.022,0.022,108.53786666666667,64.20833333333333,0.376,0.146,0.096,581.336,2017-08-19
962,500,500,0.028,0.028,122.02953333333333,64.94166666666666,0.344,0.19,0.104,644.804,2017-08-20
963,500,500,0.032,0.032,106.56410000000001,62.65833333333333,0.348,0.174,0.114,582.038,2017-08-21
964,500,500,0.024,0.024,118.96293333333334,67.55,0.366,0.166,0.1,594.814,2017-08-22
965,500,498,0.006,0.006,122.06,73.29166666666666,0.33,0.19,0.112,583.79,2017-08-23
966,500,499,0.008,0.008,115.91653333333332,66.49166666666667,0.39,0.178,0.09,555.616,2017-08-24
967,500,498,0.01,0.01,110.86263333333333,69.71666666666667,0.376,0.196,0.098,577.148,2017-08-25
968,500,499,0.022,0.022,114.5722,66.80833333333334,0.364,0.174,0.108,595.972,2017-08-26
969,500,497,0.022,0.022,111.3763,64.71666666666667,0.316,0.206,0.118,604.344,2017-08-27
970,500,499,0.028,0.028,120.95043333333334,68.125,0.366,0.166,0.106,603.28,2017-08-28
971,500,496,0.018,0.018,112.6722,64.2,0.356,0.172,0.114,601.79,2017-08-29
972,500,498,0.024,0.024,117.83253333333333,70.99166666666667,0.33,0.19,0.096,570.778,2017-08-30
973,500,499,0.03,0.03,109.20689999999999,66.25833333333333,0.38,0.164,0.124,554.462,2017-08-31
974,500,499,0.036,0.036,118.84316666666668,70.13333333333333,0.35,0.176,0.112,549.396,2017-09-01
975,500,497,0.03,0.03,107.5823,64.90833333333333,0.37,0.156,0.104,560.518,2017-09-02
976,500,499,0.034,0.034,108.32469999999999,66.00833333333333,0.344,0.174,0.1,572.872,2017-09-03
977,500,497,0.014,0.014,114.38369999999999,68.775,0.332,0.196,0.082,615.83,2017-09-04
978,500,496,0.028,0.028,119.33693333333333,70.35833333333333,0.39,0.16,0.114,568.496,2017-09-05
979,500,500,0.018,0.018,112.4417,69.50833333333333,0.372,0.214,0.102,582.514,2017-09-06
980,500,499,0.022,0.022,102.444,68.19999999999999,0.364,0.186,0.09,598.094,2017-09-07
981,500,499,0.026,0.026,106.72856666666667,65.19166666666666,0.33,0.19,0.086,630.266,2017-09-08
982,500,499,0.016,0.016,102.92973333333333,66.36666666666667,0.366,0.184,0.098,562.97,2017-09-09
983,500,497,0.022,0.022,110.43553333333332,68.26666666666667,0.366,0.18,0.09,563.156,2017-09-10
984,500,497,0.032,0.032,117.24926666666666,62.75,0.356,0.152,0.132,615.086,2017-09-11
985,500,499,0.026,0.026,121.51689999999999,70.35,0.316,0.162,0.126,579.984,2017-09-12
986,500,498,0.022,0.022,117.34803333333333,73.61666666666667,0.354,0.214,0.112,598.48,2017-09-13
987,500,498,0.02,0.02,106.03426666666667,69.6,0.348,0.194,0.112,624.25,2017-09-14
988,500,499,0.024,0.024,114.6802,69.61666666666667,0.328,0.162,0.116,637.612,2017-09-15
989,500,499,0.026,0.026,120.94573333333334,64.53333333333333,0.34,0.178,0.136,577.184,2017-09-16
990,500,497,0.022,0.022,111.81206666666667,70.35833333333333,0.388,0.192,0.13,624.236,2017-09-17
991,500,500,0.028,0.028,133.1375,70.25,0.394,0.146,0.134,602.228,2017-09-18
992,500,498,0.016,0.016,111.55416666666667,63.900000000000006,0.364,0.196,0.102,601.316,2017-09-19
993,500,498,0.02,0.02,116.3504,63.49166666666667,0.388,0.144,0.118,605.968,2017-09-20
994,500,499,0.024,0.024,109.73593333333334,66.09166666666667,0.412,0.18,0.084,629.478,2017-09-21
995,500,498,0.012,0.012,114.8861,67.23333333333333,0.396,0.182,0.086,599.98,2017-09-22
996,500,499,0.024,0.024,103.22013333333334,67.6,0.358,0.164,0.116,593.73,2017-09-23
997,500,494,0.034,0.034,109.8668,67.61666666666667,0.358,0.208,0.094,586.802,2017-09-24
998,500,498,0.028,0.028,118.84853333333334,64.89166666666667,0.34,0.202,0.09,593.988,2017-09-25
999,500,499,0.018,0.018,109.3936,68.71666666666667,0.368,0.17,0.112,635.94,2017-09-26
1000,500,500,0.024,0.024,99.2733,63.516666666666666,0.348,0.188,0.074,588.196,2017-09-27
1001,500,500,0.028,0.028,104.70616666666668,63.94166666666666,0.364,0.172,0.094,596.242,2017-09-28
1002,500,497,0.024,0.024,114.56513333333334,68.25833333333333,0.342,0.194,0.082,580.732,2017-09-29
1003,500,497,0.018,0.018,111.56819999999999,68.70833333333334,0.362,0.18,0.112,614.078,2017-09-30
1004,500,500,0.024,0.024,110.925,69.80833333333334,0.36,0.19,0.108,599.628,2017-10-01
1005,500,498,0.03,0.03,110.90553333333334,67.11666666666667,0.358,0.166,0.106,599.492,2017-10-02
1006,500,499,0.014,0.014,104.02163333333333,65.03333333333333,0.372,0.16,0.092,605.024,2017-10-03
1007,500,499,0.02,0.02,111.69160000000001,64.45833333333333,0.336,0.18,0.096,593.596,2017-10-04
1008,500,498,0.008,0.008,107.78536666666668,66.66666666666666,0.374,0.16,0.114,606.908,2017-10-05
1009,500,496,0.02,0.02,103.65753333333333,66.15,0.318,0.202,0.088,626.78,2017-10-06
1010,500,499,0.018,0.018,113.22436666666667,64.23333333333333,0.366,0.202,0.124,565.846,2017-10-07
1011,500,498,0.026,0.026,109.19263333333333,63.06666666666667,0.374,0.18,0.104,586.226,2017-10-08
1012,500,498,0.018,0.018,115.67016666666667,68.95,0.346,0.188,0.104,599.682,2017-10-09
1013,500,496,0.018,0.018,111.40206666666667,68.4,0.37,0.18,0.106,645.414,2017-10-10
1014,500,498,0.014,0.014,120.52903333333335,68.48333333333333,0.362,0.196,0.13,557.636,2017-10-11
1015,500,497,0.018,0.018,116.4614,70.81666666666666,0.378,0.188,0.09,579.188,2017-10-12
1016,500,496,0.014,0.014,115.4519,66.85833333333333,0.33,0.194,0.092,606.422,2017-10-13
1017,500,499,0.026,0.026,99.6781,65.75833333333333,0.352,0.204,0.078,628.92,2017-10-14
1018,500,499,0.026,0.026,120.51483333333333,70.09166666666667,0.344,0.202,0.104,595.968,2017-10-15
1019,500,498,0.022,0.022,104.74256666666666,67.85,0.338,0.164,0.102,608.392,2017-10-16
1020,500,500,0.012,0.012,98.62780000000001,63.891666666666666,0.366,0.162,0.082,590.558,2017-10-17
1021,500,498,0.014,0.014,113.20443333333334,70.225,0.372,0.184,0.102,585.312,2017-10-18
1022,500,499,0.028,0.028,114.6315,62.349999999999994,0.39,0.164,0.098,568.378,2017-10-19
1023,500,499,0.02,0.02,115.31196666666666,72.00833333333333,0.362,0.204,0.104,588.004,2017-10-20
1024,500,500,0.018,0.018,112.29853333333332,66.275,0.334,0.194,0.12,580.636,2017-10-21
1025,500,499,0.032,0.032,111.19506666666666,62.6,0.304,0.176,0.102,578.61,2017-10-22
1026,500,498,0.022,0.022,101.72966666666667,64.125,0.35,0.178,0.122,585.452,2017-10-23
1027,500,497,0.022,0.022,117.17763333333333,67.74166666666667,0.338,0.192,0.096,581.942,2017-10-24
1028,500,500,0.028,0.028,113.01993333333334,59.575,0.35,0.178,0.098,588.678,2017-10-25
1029,500,500,0.016,0.016,115.74576666666667,72.57499999999999,0.37,0.196,0.088,567.146,2017-10-26
1030,500,499,0.022,0.022,109.9597,65.07499999999999,0.326,0.164,0.114,604.17,2017-10-27
1031,500,498,0.02,0.02,122.23973333333333,66.78333333333333,0.366,0.158,0.094,604.332,2017-10-28
1032,500,498,0.02,0.02,111.65496666666667,65.20833333333334,0.332,0.17,0.104,552.222,2017-10-29
1033,500,500,0.02,0.02,123.2231,70.075,0.376,0.206,0.118,572.412,2017-10-30
1034,500,500,0.02,0.02,127.9734,69.525,0.352,0.172,0.098,603.398,2017-10-31
1035,500,500,0.014,0.014,110.67246666666666,69.90833333333333,0.36,0.154,0.106,628.34,2017-11-01
1036,500,496,0.03,0.03,111.59053333333333,65.99166666666667,0.344,0.196,0.12,541.502,2017-11-02
1037,500,500,0.01,0.01,112.64806666666667,65.96666666666667,0.404,0.15,0.082,624.44,2017-11-03
1038,500,500,0.018,0.018,125.75673333333334,73.725,0.366,0.186,0.124,616.88,2017-11-04
1039,500,499,0.032,0.032,115.37393333333334,68.23333333333333,0.368,0.174,0.086,565.034,2017-11-05
1040,500,498,0.03,0.03,110.49836666666667,68.80833333333334,0.338,0.18,0.094,602.65,2017-11-06
1041,500,500,0.014,0.014,116.00986666666667,68.86666666666667,0.364,0.208,0.106,609.306,2017-11-07
1042,500,499,0.018,0.018,122.82256666666666,65.06666666666666,0.362,0.184,0.092,576.79,2017-11-08
1043,500,500,0.028,0.028,121.42303333333334,72.46666666666667,0.336,0.21,0.134,585.526,2017-11-09
1044,500,495,0.022,0.022,108.61443333333334,68.50833333333333,0.364,0.17,0.12,594.348,2017-11-10
1045,500,498,0.03,0.03,105.4327,69.45,0.34,0.168,0.112,602.628,2017-11-11
1046,500,498,0.018,0.018,115.00683333333333,69.675,0.328,0.192,0.1,596.504,2017-11-12
1047,500,499,0.024,0.024,100.37393333333334,64.94166666666666,0.348,0.154,0.096,609.986,2017-11-13
1048,500,497,0.026,0.026,110.4828,59.8,0.35,0.17,0.098,637.044,2017-11-14
1049,500,498,0.022,0.022,112.60103333333333,69.95833333333334,0.326,0.226,0.1,596.978,2017-11-15
1050,500,500,0.026,0.026,113.00869999999999,66.07499999999999,0.358,0.186,0.116,608.256,2017-11-16
1051,500,499,0.028,0.028,114.0542,72.98333333333333,0.366,0.198,0.114,583.416,2017-11-17
1052,500,498,0.01,0.01,123.35943333333333,67.65833333333333,0.348,0.186,0.104,588.77,2017-11-18
1053,500,498,0.022,0.022,105.2231,63.675,0.38,0.18,0.092,584.598,2017-11-19
1054,500,498,0.022,0.022,113.46226666666666,68.725,0.336,0.182,0.096,611.76,2017-11-20
1055,500,500,0.024,0.024,115.7325,68.0,0.374,0.18,0.104,574.656,2017-11-21
1056,500,496,0.018,0.018,124.6855,72.96666666666667,0.344,0.24,0.124,547.8,2017-11-22
1057,500,500,0.012,0.012,107.8749,66.25833333333333,0.364,0.188,0.11,572.736,2017-11-23
1058,500,499,0.016,0.016,122.30516666666666,69.66666666666666,0.366,0.188,0.098,629.504,2017-11-24
1059,500,500,0.006,0.006,115.30513333333333,67.70833333333334,0.37,0.202,0.066,622.544,2017-11-25
1060,500,500,0.022,0.022,120.23519999999999,70.18333333333334,0.386,0.188,0.092,603.936,2017-11-26
1061,500,497,0.02,0.02,133.24543333333332,73.69166666666666,0.4,0.18,0.102,586.724,2017-11-27
1062,500,499,0.022,0.022,106.26656666666666,64.65833333333333,0.394,0.172,0.08,589.35,2017-11-28
1063,500,497,0.016,0.016,117.8348,67.17500000000001,0.378,0.202,0.082,556.284,2017-11-29
1064,500,500,0.026,0.026,119.76656666666666,71.28333333333333,0.362,0.148,0.12,613.354,2017-11-30
1065,500,500,0.016,0.016,116.41926666666666,71.54166666666666,0.308,0.192,0.11,596.384,2017-12-01
1066,500,498,0.02,0.02,115.19313333333334,68.68333333333334,0.368,0.158,0.088,637.6,2017-12-02
1067,500,499,0.022,0.022,115.85206666666667,68.34166666666667,0.352,0.192,0.104,593.36,2017-12-03
1068,500,498,0.012,0.012,111.39476666666667,69.53333333333333,0.354,0.194,0.096,599.17,2017-12-04
1069,500,499,0.024,0.024,139.31956666666665,71.6,0.33,0.194,0.122,573.352,2017-12-05
1070,500,497,0.02,0.02,107.14460000000001,69.96666666666667,0.374,0.178,0.106,592.418,2017-12-06
1071,500,497,0.018,0.018,111.8219,68.38333333333333,0.35,0.182,0.106,615.286,2017-12-07
1072,500,499,0.02,0.02,103.09166666666667,62.55833333333334,0.342,0.182,0.096,601.678,2017-12-08
1073,500,498,0.01,0.01,132.1636,70.01666666666667,0.37,0.196,0.096,591.502,2017-12-09
1074,500,497,0.026,0.026,102.6515,67.84166666666667,0.334,0.21,0.108,557.27,2017-12-10
1075,500,500,0.034,0.034,133.29106666666664,71.54166666666666,0.364,0.172,0.124,599.658,2017-12-11
1076,500,499,0.012,0.012,122.09933333333333,67.05,0.326,0.186,0.082,669.406,2017-12-12
1077,500,499,0.02,0.02,97.33616666666667,67.63333333333333,0.338,0.176,0.092,567.736,2017-12-13
1078,500,500,0.008,0.008,112.26073333333333,65.775,0.334,0.184,0.096,600.032,2017-12-14
1079,500,499,0.028,0.028,112.95393333333334,66.725,0.314,0.188,0.098,582.048,2017-12-15
1080,500,499,0.022,0.022,132.31506666666667,67.50833333333333,0.382,0.166,0.11,576.306,2017-12-16
1081,500,499,0.032,0.032,112.79726666666666,66.675,0.384,0.138,0.11,604.574,2017-12-17
1082,500,497,0.014,0.014,117.56933333333333,67.79166666666666,0.334,0.186,0.104,553.938,2017-12-18
1083,500,496,0.016,0.016,120.92893333333333,68.21666666666667,0.342,0.224,0.116,559.898,2017-12-19
1084,500,497,0.016,0.016,120.9478,73.775,0.372,0.172,0.106,578.88,2017-12-20
1085,500,498,0.024,0.024,106.9087,67.80833333333334,0.362,0.198,0.106,605.252,2017-12-21
1086,500,497,0.012,0.012,118.68026666666667,66.75833333333333,0.32,0.216,0.102,612.106,2017-12-22
1087,500,498,0.016,0.016,108.33460000000001,68.0,0.4,0.148,0.092,607.366,2017-12-23
1088,500,498,0.006,0.006,118.19573333333334,65.66666666666667,0.384,0.166,0.104,618.856,2017-12-24
1089,500,500,0.01,0.01,112.80583333333333,66.75,0.342,0.184,0.124,618.482,2017-12-25
1090,500,499,0.016,0.016,106.52613333333333,62.29166666666667,0.32,0.198,0.106,631.9,2017-12-26
1091,500,498,0.012,0.012,124.34986666666667,70.6,0.366,0.162,0.104,615.214,2017-12-27
1092,28,28,0.0,0.0,160.85833333333335,77.08333333333334,0.5,0.10714285714285714,0.10714285714285714,577.8214285714286,2017-12-28
